bare	accented	translations_en	translations_de	source_row	source_extra
и	и	and	und; auch	2
в	в	in; at; into; to; for; on; within	in (Ort), im (Ort); zu (Ort), zum (Ort); um (Zeit); pro (mal)	3
не	не	not	nicht	4
он	он	he; it (masculine inanimate nouns)	er	5
на	на	on (place); on (day/week); on (transport means); to; onto, upon; at	auf (Objekt); in (Ort); auf (Bewegung dahin); dahin (Ort); für (Zeitdauer, Wert, Sinn); für/am (Zeit)	6
я	я	I	ich	7
что	что	what	was; dass	8
с	с	with; from; since; off, remove from	mit, und, von, aus, seit, ab, vor, etwa, ungefähr	9
а	а	and; but, yet; oh, ah, oh well	und, aber, dagegen, sondern	10
это	э'то	this is; that is; it	das	11
она	она'	she, it, he, she, it, he, she	sie	12
по	по	along, down; on the subject of; by the means of; hit or punch somewhere; after a age	auf, in, durch, über, laut, gemäß, entlang, längs, an, -halber, wegen, aus; bis (zeitl.), bis (räuml.), ugs.: für; nach (zeitl.)	13
но	но	but	aber; jedoch, sondern	14
они	они'	they	sie (Plural)	15
к	к	towards, to; visit someone	zu, an, gegenüber, gegen, um, bis zu	16
у	у	(possession); by, at (place); with; from (take, borrow)	bei, neben	17
из	из	from; out of	aus, von	18
мы	мы	we	wir	19
за	за	behind; at (location); at (direction); for (in support of); for (mistake for); for (reason); for (duration); following after, chasing after; over (a certain age); beyond, on the far side of; out of (location)	an / bei / hinter / nach + Dat.; an / gegen / hinter + Akk.; außerhalb / jenseits + Gen.; bei(m) / im / hinter + Instr.; für / um + Akk.; im Laufe von / in (binnen) / (da)nach + Dat.; um hinter + Gen.; während / wegen + Gen.	20
ты	ты	you	du	21
вы	вы	you (plural); you (formal)	ihr (Plural); Sie (höfliches Du)	22
так	так	so, thus, like this, this way, then	so, auf diese Weise	23
же	же	and, as for, but	denn / doch; aber, ja	24
от	от	from (away); from (part of a whole); from (cause); from (distance); from (someone); from (range); for, against a purpose	von, vor, aus, an, gegen	25
о	о	about; of; on; against	über	26
один	оди'н	one, 1; alone	eins, 1; ein; allein, einsam	27
ещё	ещё	still, yet, as far back as, as long ago as, only, some more	noch	28
бы	бы	would	würde, würdest, würden, würdet	29
только	то'лько	only; just, simply	nur, lediglich, bloß, jedoch; erst (jetzt) -> только что = eben erst, kaum (nachdem)	30
себя	себя'	ourselves, yourselves, himself, herself, itself, yourself, myself, themselves	sich, mich, dich	31
для	для	for	für	32
уже	уже'	already, by this time, by now, now, no longer	schon, bereits	33
когда	когда'	when, while, as	wann / wenn; als	34
кто	кто	who	wer	35
вот	вот	there, here, there is	da, hier	36
да	да	yes	ja; aber; und	37
если	е'сли	if	wenn, falls	38
до	до	to (direction); to (distance); before; until; up to (limit)	bis, bis an, bis zu, bis auf, gegen, ungerfähr, etwa, an die, vor, zu	39
или	и'ли	or	oder, denn	40
нет	нет	no; not	nein; nicht	41
ни	ни	neither; no	kein, nicht, nicht ein(e); weder ... noch	42
даже	да'же	even	sogar, selbst (dann), auch (dann)	43
под	под	under; below; underneath; to go down/below; to go/put under something; (impression, affection)	unter, in, bei, vor, gegen, für; in der Nähe von	44
где	где	where	wo	45
чтобы	что'бы	so that; in order to	um zu, (als) dass; damit	46
ну	ну	well	na, nun	47
два	два	two, 2	zwei, 2	48
чём	чём	Prepositional of 'что'; than; how	als, (an)statt; was, das	49
там	там	there, later, by and by	dort, da	50
ничто	ничто'	nothing, nought	nichts	51
потом	пото'м	afterwards, then, later on, later	nachher, später; und dann, dann, danach	52
очень	о'чень	very, very much, greatly	sehr	53
ли	ли	whether, if	ob	54
при	при	at; in the presence of; in the time of; with; (circumstantial)	an, bei, in Gegenwart während, in Anwesenheit, vor, zur Zeit, unter, in	55
надо	на'до	it is necessary; need	müssen, sollen; nötig sein, benötigen (brauchen); über	56
без	без	without; to (time)	ohne	57
теперь	тепе'рь	now, nowadays, today	nun (in diesem Augenblick); jetzt (gegenwärtig)	58
сейчас	сейча'с	now; soon; at once	jetzt, gerade, momentan, im Moment; sofort, augenblicklich	59
тоже	то'же	also, as well, too	auch, ebenfalls	60
после	по'сле	after, afterwards, later	nach, danach, hinterher	61
можно	мо'жно	one can, it is possible; may I, can I	man kann, es ist erlaubt, man darf	62
через	че'рез	across, over; through; through, using; in (time) (no more than)	über; (quer) durch; nach, in (soviel Zeit)	63
здесь	здесь	here, with us, in this country, about it, in it, at this point	hier, da	64
тогда	тогда'	then	dann, da; damals	65
ведь	ведь	you know; after all; even	doch, ja	66
почему	почему'	why	warum, weshalb	67
потому	потому'	because	deshalb, darum	68
просто	про'сто	it is simple, it is easy, simply; just, just only, only	einfach, leicht, simpel, unkompliziert	69
об	об	about, concerning	über, von; gegen	70
вдруг	вдруг	suddenly, all of a sudden	plötzlich, auf einmal	71
никто	никто'	nobody, no one	niemand, keiner	72
перед	пе'ред	in front of +instrumental case	vor, bevor	73
над	над	above, over	über; an	74
конечно	коне'чно	certainly; of course	natürlich, gewiss, klar, freilich, aber ja	75
три	три	three, 3	drei, 3	76
несколько	не'сколько	some, a few	einige, wenige, ein wenig, etwas, ein paar	77
пока	пока'	bye (informal); while	tschüss, bis bald, bis dann; bis; während, solange; vorerst, fürs erste	78
более	бо'лее	more	mehr	79
хорошо	хорошо'	it is good, it is pleasant, well, good	gut, schön	80
хотя	хотя'	though, although, even though	obwohl, obgleich, auch wenn	81
всегда	всегда'	always	immer	82
куда	куда'	wherever	wohin	83
сразу	сра'зу	immediately	sofort, augenblicklich, gleich, gleichzeitig, zugleich, auf einmal	84
совсем	совсе'м	completely; at all	ganz (ganz und gar), gänzlich, für immer; völlig	85
почти	почти'	almost, nearly	fast, beinahe	86
снова	сно'ва	again	wieder, erneut, abermals, von neuem, aufs neue	87
между	ме'жду	between	zwischen, unter	88
много	мно'го	a lot of, many	viel, zu viel, viele	89
лишь	лишь	only, as soon as	nur, erst	90
опять	опя'ть	again	wieder, erneut, wiederum	91
однако	одна'ко	however, though, but	aber, jedoch, doch	92
про	про	about, for	über; von	93
никогда	никогда'	never, ever	niemals, nie	94
будто	бу'дто	as if, as though	als ob, als wenn, als	95
именно	и'менно	exactly, namely, to wit, that is, just	genau, gerade, eben, ausgerechnet	96
вообще	вообще'	in general, generally, on the whole, always	überhaupt, im allgemeinen, im großen und ganzen	97
сегодня	сего'дня	today	heute	98
вместе	вме'сте	together	zusammen, gemeinsam, zugleich, gleichzeitig	99
таки	таки'	indeed, after all	doch, dennoch	100
чуть	чуть	nearly; a little	ein bisschen (kaum), ein wenig (etwas)	101
сколько	ско'лько	how much, how many	wieviel, wie viel	102
хоть	хоть	though, even; you may, might as well	obwohl, auch wenn, wenn auch, trotzdem, zwar; wenigstens, zumindest; selbst wenn, sogar (dann)	103
зачем	зачем	what for, why	wozu, zu welchem Zweck; warum, weshalb, weswegen	104
словно	сло'вно	as if, like	als ob, als; wie, ebenso wie, gleichsam	105
наконец	наконе'ц	finally	endlich	106
назад	наза'д	ago; back, backwards	vor; zurück, rückwärts	107
быстро	бы'стро	fast, quickly, rapidly, with speed	schnell	108
давно	давно'	long ago, for a long time	längst, vor langer Zeit; seit langem, lange	109
прямо	пря'мо	straight, frankly, openly, bluntly, real, really, exactly, downright	gerade, aufrecht, geradeaus, unmittelbar; direkt, offen, aufrichtig	110
долго	до'лго	a long time	lange	111
нельзя	нельзя'	can't	man darf nicht, man soll nicht, man kann nicht, es ist unmöglich, es ist verboten	112
оно	оно'	it, he, she	es	113
кроме	кро'ме	except, besides	außer, ausgenommen	114
ж	ж	then	denn; dagegen	115
совершенно	соверше'нно	totally	vollkommen, völlig, ganz, komplett	116
поэтому	поэ'тому	so, therefore, that is why	darum; deshalb, deswegen	117
точно	то'чно	exact	genau, exakt, präzis, wie; pünktlich; als (ob)	118
среди	среди'	among, amongst, amidst, in the middle	(mitten) unter, mitten in/am, inmitten (zwischen)	119
также	та'кже	also, as well, too, either	auch, ebenso, ebenfalls	120
ко	ко	to, towards; by, for	zu; nach (sich anschließen an)	121
вокруг	вокру'г	around	ringsum, ringsherum, ringsumher, um herum	122
иногда	иногда'	sometimes, at times	manchmal, ab und zu	123
затем	зате'м	then, after that, thereupon, upon which, subsequently, for that reason	danach, anschließend, darauf, dann	124
оба	о'ба	both	beide, die beiden	125
откуда	отку'да	from where	woher	126
четыре	четы'ре	four, 4	vier, 4	127
особенно	осо'бенно	especially, particularly, unusually, more than usual	besonders; ausgefallen, eigenartig, eigentümlich, ungewöhnlich, speziell	128
вроде	вро'де	sort of	in der Art von, ähnlich, so wie	129
например	наприме'р	for example, for instance	zum Beispiel	130
туда	туда'	there	dorthin, dahin	131
действительно	действи'тельно	really, actually	wirklich, tatsächlich, in der Tat, wahrhaftig	132
мало	ма'ло	little, few, not enough	wenig, nicht viel, nur wenige, nicht viele	133
равно	равно'	is indifferent, alike, in like manner, nor; equally	gleich	134
сюда	сюда'	here	hierher	135
слишком	сли'шком	too (much)	zu (sehr), viel zu, allzu, allzusehr	136
чтоб	чтоб	to	damit; um zu	137
десять	де'сять	ten, 10	zehn, 10	138
двадцать	два'дцать	twenty	zwanzig	139
видно	ви'дно	evidently, obviously, apparently, probably, one can see	ist zu sehen, man kann sehen, es ist klar, man sieht es, wie es scheint	140
против	про'тив	against, opposite, facing, contrary to, to, as against	gegen, dagegen, entgegen, kontra, wider; gegenüber (напротив)	141
немного	немно'го	a little, some, somewhat, slightly	ein wenig, ein bißchen, etwas, wenig, nicht viel; wenige, nur wenige, nicht sehr viele	142
разве	ра'зве	perhaps, unless; indeed, really	denn, etwa, wirklich	143
впрочем	впро'чем	however	übrigens, allerdings, aber	144
тихо	ти'хо	quietly, it is calm, it is quiet, softly, gently, faintly, silently; calmly, peacefully, slowly	leise; still / ruhig; langsam	145
наверное	наве'рное	Probably; Maybe	wahrscheinlich, wohl	146
либо	ли'бо	or	entweder; oder	147
домой	домо'й	homeward, to ones home	nach Hause	148
ладно	ла'дно	well, all right, okay	gut, einverstanden	149
часто	ча'сто	often, frequently; closely together, thickly	oft, häufig; dicht	150
сначала	снача'ла	firstly, at first, all over again, afresh	anfangs, zu Beginn; zuerst, zunächst, erstmal	151
вперёд	вперёд	forward, ahead, in the future, henceforward, henceforth, in advance; to the front	vorwärts; (im) voraus, in der Zukunft; voran, nach vorn	152
вполне	вполне'	quite, fully, entirely, completely	durchaus, völlig, vollkommen	153
никак	ника'к	in no way	auf keinen Fall	154
едва	едва'	hardly, only just, scarcely, just, barely	kaum, nur mit Mühe	155
возле	во'зле	near, beside, by	daneben, nebenan; bei, an, neben	156
довольно	дово'льно	quite, rather, pretty, fairly	ziemlich, ganz (gut), recht (gut); genug (ausreichend, zufrieden)	157
медленно	ме'дленно	slowly	langsam	158
ясно	я'сно	clearly, evidently, clear	klar, deutlich, verständlich, es ist klar, es ist offenbar	159
вчера	вчера'	yesterday	gestern	160
далеко	далеко'	far, it is far, it is a long way, far off, a long way off, a great distance away	weit	161
около	о'коло	by, near, around, about	neben, in der Nähe, an; ungefähr, cirka, etwa, gegen	162
завтра	за'втра	tomorrow	morgen	163
плохо	пло'хо	it is bad	schlecht, schlimm, übel	164
обычно	обы'чно	usually, generally, commonly, as a rule	gewöhnlich; normalerweise	165
иначе	ина'че	otherwise; differently	anders, andernfalls; sonst, ansonsten	166
скоро	ско'ро	quickly, fast, soon	schnell, rasch; bald	167
прежде	пре'жде	before, first, formerly, in former times	vor, ehe; zuerst, bevor, zuvor	168
однажды	одна'жды	one day	einmal, einst; eines Tages	169
сквозь	сквозь	through	durch	170
мимо	ми'мо	past, by	vorbei, vorüber	171
возможно	возмо'жно	it is possible, it may be, it is not unlikely, possibly, perhaps	möglich; vielleicht, eventuell	172
кстати	кста'ти	by the way, incidentally, besides, in fact	übrigens, apropos, nebenbei gesagt, bei dieser Gelegenheit; gerade recht, zur rechten Zeit, gelegen, angebracht	173
вместо	вме'сто	instead of	statt, anstatt; anstelle, an Stelle	174
трудно	тру'дно	difficult	es ist schwer, jemand hat es schwer, es fällt jemandem schwer	175
менее	ме'нее	less	weniger	176
легко	легко'	easy, easily, lightly, slightly	leicht, mit Leichtigkeit, mühelos, es ist leicht es ist leicht	177
сто	сто	hundred	hundert	178
вниз	вниз	down, downwards	nach unten, hinunter-, hinab-, herunter-, herab-	179
вовсе	во'все	At all, quite	überhaupt, ganz und gar	180
двое	дво'е	two	zwei; zu zweit	181
спокойно	споко'йно	quietly, calmly	ruhig, still, gelassen; friedlich	182
достаточно	доста'точно	it is enough, sufficiently, enough	genug (ausreichend, genügend); ziemlich	183
столько	сто'лько	so much, so many	so viel	184
молча	мо'лча	silently, tacitly, without a word	schweigend, wortlos, stumm	185
видимо	ви'димо	apparently, evidently	scheinbar, anscheinend, augenscheinlich	186
сорок	со'рок	forty	vierzig	187
поскольку	поско'льку	since, inasmuch as, as	da, insofern	188
шесть	шесть	six, 6	sechs, 6	189
неожиданно	неожи'данно	unexpectedly, suddenly	wider Erwarten; unvermutet	190
вон	вон	out, there, over there	raus, verschwinde; dort, da; Won (Währungseinheit in Korea)	191
спасибо	спаси'бо	thanks, thank you	danke	192
впервые	впервы'е	for the first time, first	zum ersten Mal, erstmalig	193
сильно	си'льно	strongly, violently, heavily, greatly, badly, vastly	stark, kräftig, heftig	194
вновь	вновь	again, afresh, anew	erneut, von neuem; wieder, nochmals	195
впереди	впереди'	in front, ahead, before, in front of	vor; vorn, voran	196
пожалуйста	пожа'луйста	please; you are welcome; here you go	bitte, bitte sehr, bitte schön	197
нечего	не'чего	nothing	nichts	198
зато	зато'	but, but then, but on the other hand, for it, in return	dafür aber	199
весьма	весьма'	extremely / very, highly, greatly	sehr (äußerst), höchst; ziemlich, überaus	200
ибо	и'бо	for	denn, weil, da	201
правильно	пра'вильно	right, rightly; correctly, regularly; properly	richtig	202
интересно	интере'сно	it is interesting, interestingly	interessant, es ist interessant	203
невозможно	невозмо'жно	it is impossible, impossibly	unmöglich, es ist unmöglich, es ist nicht möglich	204
столь	столь	so	so, solch	205
причём	причём	Moreover, in addition, and, at that, with; How is that relevant	wobei, dabei	206
недавно	неда'вно	recently	vor kurzem, noch nicht lange; neulich, unlängst	207
обратно	обра'тно	back, backwards, conversely, inversely	zurück, zurück-, retour	208
неужели	неуже'ли	really, actually	tatsächlich; wirklich	209
осторожно	осторо'жно	carefully, cautiously, guardedly, warily, gingerly	vorsichtig, behutsam	210
ради	ра'ди	for the sake of	wegen, um, zu, für	211
слегка	слегка'	somewhat, slightly, gently	leicht, leise, ein wenig, ein bißchen, etwas, flüchtig, nebenbei, beiläufig	212
вскоре	вско'ре	soon, shortly after, before long	bald	213
вверх	вверх	up, upwards, upstream	nach oben, herauf-, hinauf-	214
семь	семь	seven, 7	sieben, 7	215
обязательно	обяза'тельно	necessarily, without fail	unbedingt, bestimmt; notwendig, unumgänglich	216
понятно	поня'тно	it is clear, naturally, of course, clearly, plainly, forcibly, perspicuously	verständlich; verstehbar (deutlich); klar, begreiflich	217
страшно	стра'шно	it is terrible, scary, terribly, awfully, frightfully	furchtbar; schrecklich; bange (Angst haben)	218
странно	стра'нно	it is strange, in a strange way, strangely	seltsam, sonderbar, merkwürdig	219
несмотря	несмотря'	despite, in spite of	trotz, ungeachtet	220
отсюда	отсю'да	from here, hence	von hier, daraus, hieraus	221
явно	я'вно	evidently, obviously, manifestly, patently	offenbar, offensichtlich; (deutlich) erkennbar, unverkennbar	222
оттуда	отту'да	from there	von dort, von da	223
наверно	наве'рно	probably, most likely, for sure, certainly, for a certainty	wohl, wahrscheinlich	224
немедленно	неме'дленно	immediately, at once	sofort, unverzüglich, auf der Stelle, umgehend	225
резко	ре'зко	sharply, drastically; abruptly, suddenly, quickly	abrupt, plötzlich; scharf, schroff, hart, krass	226
трое	тро'е	three of ...	drei	227
вдоль	вдоль	along	entlang, längs, der Länge nach	228
одновременно	одновре'менно	at the same time	gleichzeitig, zu gleicher Zeit; zugleich	229
естественно	есте'ственно	naturally, of course	natürlich; selbstverständlich	230
верно	ве'рно	rightly, correctly; probably, likely	richtig, wahr, (ist) sicher, stimmt; treu, ergeben	231
восемь	во'семь	eight, 8	acht, 8	232
наоборот	наоборо'т	inside out, back to front, the wrong way, on the contrary	umgekehrt, verkehrt, dagegen, im Gegenteil	233
гораздо	гора'здо	much, far, by far	viel; weitaus	234
громко	гро'мко	loud, aloud	laut, vollmundig	235
поздно	по'здно	it is late, late	spät	236
пятьдесят	пятьдеся'т	fifty	fünfzig	237
полностью	по'лностью	completely, utterly, in full	vollständig, völlig, ganz, restlos	238
вероятно	вероя'тно	very likely	wahrscheinlich, vermutlich, wohl	239
наиболее	наибо'лее	most	am meisten, höchst-	240
ой	ой	Oh	ups	241
внутри	внутри'	inside, within	innen, drinnen, innerhalb, in	242
тяжело	тяжело'	hardly	schwer, mühsam, jemand hat es schwer, es fällt jemandem schwer	243
постепенно	постепе'нно	gradually, little by little, by degrees	allmählich, nach und nach	244
собственно	со'бственно	actually; truely; honestly	eigentlich; an sich, an und für sich	245
насчёт	насчёт	as regards, concerning, about, of	bezüglich, deswegen, betreffend	246
внимательно	внима'тельно	attentively, carefully, intently	aufmerksam, konzentriert	247
вслед	вслед	following, after	hinterher	248
примерно	приме'рно	around; approximately, roughly	annähernd, etwa; musterhaft, vorbildlich; ungefähr	249
случайно	случа'йно	by chance, by accident, accidentally, by any chance	zufällig, zufälligerweise, durch Zufall, aus Versehen, versehentlich, übrigens	250
нечто	не'что	something	etwas	251
весело	ве'село	funny; happily, cheerfully	fröhlich; lustig	252
постоянно	постоя'нно	constantly, continually, always	ständig, dauernd, fortwährend, permanent	253
настолько	насто'лько	so, thus	so, soviel, soweit, so sehr; derart, dermaßen	254
прекрасно	прекра'сно	excellently, perfectly well	schön, wunderschön, herrlich, ausgezeichnet, sehr gut	255
сверху	све'рху	from above, from top, on top	von oben, oben, oberhalb, über	256
навстречу	навстре'чу	towards, approaching	entgegen, entgegen-	257
господи	го'споди	lord, oh my God	um Gottes Willen	258
далее	да'лее	further, later, then	weiter, ferner	259
полтора	полтора'	one and a half	anderthalb, eineinhalb	260
внизу	внизу'	below, underneath, downstairs, at the foot, at the bottom	unten, unterhalb	261
важно	ва'жно	it is important, with an air of importance, with a consequential air, grandly	wichtig, bedeutend	262
внезапно	внеза'пно	suddenly, all of a sudden	plötzlich, auf einmal, unerwartet, überraschend	263
напротив	напро'тив	opposite, on the contrary	gegenüber (von); dagegen, im Gegenteil; verkehrt, umgekehrt	264
зря	зря	to no purpose, for nothing	unnütz; vergebens, umsonst, vergeblich	265
жалко	жа'лко	pitifully	schade	266
практически	практи'чески	almost	praktisch	267
сзади	сза'ди	from behind, from the rear, behind	hinten, nach hinten, von hinten, hinter	268
честно	че'стно	honestly, fairly, frankly	ehrlich	269
итак	ита'к	thus, so	also (ergo), somit, nun, folglich	270
больно	бо'льно	it is painful, badly, hard, very, mighty, a bit too	krank, schmerzhaft	271
очевидно	очеви'дно	obviously, apparently, manifestly, evidently	offensichtlich, offenbar, augenscheinlich	272
рано	ра'но	it is early, it is too early, early	früh, zeitig, frühzeitig, vorzeitig	273
строго	стро'го	strictly, severely	streng, hart, genau, strickt	274
ниже	ни'же	lower, below	niedriger, kleiner, tiefer, unten, unter	275
наверняка	наверняка'	for sure	bestimmt, ganz sicher	276
приятно	прия'тно	it is pleasant, it is nice, pleasantly, agreeably	angenehm	277
серьёзно	серьёзно	seriously, earnestly, in earnest	ernst, ernstlich, im Ernst, in der Tat	278
вряд	вряд	unlikely	schwerlich, kaum	279
навсегда	навсегда'	for ever, for good	für immer; auf immer	280
тотчас	то'тчас	immediately, at once, instantly	sofort, sogleich; auf der Stelle	281
спустя	спустя'	after, later	nach; später	282
обо	обо	about (used only with first person prepositional case pronoun)	gegen; über	283
крепко	кре'пко	tightly	fest, stark	284
отчего	отчего'	why	weshalb, weswegen, warum, deswegen	285
никуда	никуда'	nowhere	nirgendwohin	286
абсолютно	абсолю'тно	absolutely, perfectly, utterly	absolut	287
нету	не'ту	there is no, there are no	ist nicht da, ist nicht vorhanden, hamwanich	288
решительно	реши'тельно	resolutely, decidedly, positively, absolutely	entschlossen, fest, entschieden, kategorisch	289
близко	бли'зко	near, close by, nearly	nah, unweit, nicht weit; in der Nähe, nicht weit von	290
окончательно	оконча'тельно	finally, once and for all	endgültig, abschliessend, letztendlich	291
редко	ре'дко	rarely	selten, wenig dicht, in einigem Abstand, mit weiten Zwischenräumen	292
темно	темно'	it is dark	es ist dunkel	293
слышно	слы'шно	one can hear, they say, it is said, it is rumoured, audibly	hörbar, vernehmbar	294
еле	е'ле	hardly, only just, scarcely, barely	kaum, nur mit Mühe	295
ох	ох	oh	oh	296
здорово	здо'рово	magnificently, splendidly, superbly, healthily, soundly, wholesomely, fine	toll, prima, ordentlich; gesund, bei bester Gesundheit; Tschau!, Hallo!, Servus! (ungezwungener Gruß)	297
буквально	буква'льно	literally, word for word	buchstäblich, wörtlich	298
кругом	круго'м	round, around, all round, entirely	ringsum; ganz und gar; Unmassen; Kehrt!, Das Ganze – kehrt!, Kehrt – marsch!	299
чисто	чи'сто	it is clean, cleanly, neatly, purely, merely	rein, sauber	300
полчаса	по'лчаса	half an hour	eine halbe Stunde	301
двенадцать	двена'дцать	twelve	zwölf	302
оттого	оттого'	that is why	deswegen; deshalb, darum	303
ровно	ро'вно	equally, sharp, exactly, smoothly, absolutely, regularly, evenly	gerade, gleichmaßig, glatt, genau, Punkt	304
мгновенно	мгнове'нно	instantly, in a trice, in a moment	augenblicklich; blitzschnell	305
глубоко	глубоко'	it is deep, deep, deeply, profoundly	tief, zutiefst	306
девять	де'вять	nine, 9	neun, 9	307
твёрдо	твёрдо	firmly, firm	hart; fest	308
насколько	наско'лько	how much, as far as, so far as; to what degree	soviel / soweit, sofern; inwiefern, inwieweit, umwieviel	309
заранее	зара'нее	beforehand, in good time	im Voraus (vorher, vorweg), von vornherein; frühzeitig, beizeiten	310
сперва	сперва'	at first, firstly	zuerst	311
широко	широко'	wide, widely, broadly	breit	312
изо	и'зо	from; out of	aus, von	313
таков	тако'в	such	so ein	314
специально	специа'льно	intentionally, on purpose; specially, especially	speziell, besonders; extra	315
благодаря	благодаря'	thanks to, owing to, because of	dank; durch / infolge	316
эй	эй	hey, hi	hey / he, hi, hei	317
позади	позади'	behind	hinter, hinten; vorbei	318
отлично	отли'чно	excellently	ausgezeichnet, fabelhaft, hervorragend	319
слева	сле'ва	to the left	(von) links, linker Hand	320
везде	везде'	everywhere	überall	321
тщательно	тща'тельно	carefully, thoroughly, closely	sorgfältig	322
путём	путём	by means of, by dint of, properly	durch, mittels, mit Hilfe von	323
боже	бо'же	my god; god	mein Gott	324
согласно	согла'сно	according to	gemäß (laut, zufolge); harmonisch, einträchtig	325
некогда	не'когда	there is no time, once, in former times, in the old days	einst, einmal, ehemals	326
неплохо	непло'хо	not bad, rather well, quite good	nicht schlecht, recht gut	327
радостно	ра'достно	With joy, happily	fröhlich; erfreut	328
заметно	заме'тно	it is noticeable, one can see, noticeably, appreciably	merklich, man merkt	329
немало	нема'ло	quite a lot, much, quite a few, many, quite a number of, a good many, a great deal	nicht wenig, recht viel	330
холодно	хо'лодно	it is cold, coldly	es ist kalt, kühl, kalt	331
ха	ха	ha	Ha	332
непонятно	непоня'тно	it is incomprehensible, it is impossible to understand, incomprehensibly	unverständlich	333
непременно	непреме'нно	without fail, certainly	unbedingt, bestimmt	334
высоко	высоко'	high, high up, it is high	hoch	335
нигде	нигде'	nowhere	nirgendwo, nirgends	336
мягко	мя'гко	softly, mildly, gently	weich	337
задумчиво	заду'мчиво	pensively	nachdenklich	338
коротко	ко'ротко	briefly, in brief, intimately; short	kurz, in knappen Worten	339
исключительно	исключи'тельно	exceptionally, exclusively, solely	ausschließlich; außergewöhnlich, außerordentlich, äußerst	340
вечно	ве'чно	forever	ewig, fortwährend; immerzu, dauernd	341
аккуратно	аккура'тно	neatly; carefully, regularly	ordentlich, akkurat, sorgfältig, regelmäßig	342
незаметно	незаме'тно	it does not show, it does not look as if, imperceptibly	unbemerkt, unmerklich	343
особо	осо'бо	really	besonders; speziell, extra	344
смешно	смешно'	funny, it is ridiculous, it makes one laugh, comically	lustig, lächerlich, komisch	345
каков	како'в	what	wie, was für, welcher	346
якобы	я'кобы	as if /as though / supposedly	angeblich, vorgeblich, scheinbar	347
увы	увы'	alas	leider, wider Erwarten	348
удивительно	удиви'тельно	wonderfully, astonishingly, surprisingly, very, extremely, admirably, marvellously	erstaunlich, außerordentlich, auffallend, äußerst	349
вслух	вслух	aloud	laut	350
значительно	значи'тельно	considerably, significantly	beträchtlich, bedeutend, wesentlich, beachtlich; erheblich; erwähnenswert, merklich	351
ужасно	ужа'сно	terribly, horribly, awfully, frightfully	schrecklich, fürchterlich	352
невольно	нево'льно	involuntarily, automatically, unintentionally, unwittingly	unwillkürlich, ungewollt	353
ныне	ны'не	now, at present	derzeit, heutzutage	354
вовремя	во'время	on time	pünktlich; rechtzeitig, zur rechten Zeit, zeitig	355
ярко	я'рко	brightly, strikingly, brilliantly, vividly	leuchtend, farbenfroh, markant, krass; hell, grell	356
посреди	посреди	in the middle	mitten; in der Mitte; mittig	357
снизу	сни'зу	from below, from bottom, below, on the initiative of the masses	von unten, unten	358
меж	меж	betwixt, between	zwischen; dazwischen	359
немножко	немно'жко	a little, a trifle, a bit	ein bisschen	360
де	де		wo; de, di	361
дважды	два'жды	twice	2 x (in Multiplikationsaufgaben); zweimal, zweifach	362
вне	вне	out of, outside	außer, außerhalb	363
ловко	ло'вко		geschickt; gewandt	364
русски	ру'сски		siehe по-ру'сски	365
др	др	birthday	uralt	366
нынче	ны'нче	nowadays	heutzutage, derzeit; heuer	367
относительно	относи'тельно	relatively, concerning, relative to, about	relativ / verhältnismäßig; bezüglich, in Bezug, hinsichtlich	368
крайне	кра'йне	extremely	äußerst, sehr, extrem	369
охотно	охо'тно	willingly, readily, gladly	gern, mit Vergnügen	370
внутрь	внутрь	inside, inwards, in	nach innen, hinein-, in	371
недалеко	недалеко'	it is not far, not far	nah, nicht weit	372
негромко	негро'мко	quietly, softly	leise	373
накануне	накану'не	the day before, on the eve	tags zuvor, am Tag zuvor, kurz vor	374
чрезвычайно	чрезвыча'йно	extraordinarily, extremely, utterly	außerordentlich, äußerst	375
замуж	за'муж	marry	heiraten (Frau heiratet einen Mann); verheiraten (von Seite der Frau aus)	376
срочно	сро'чно	quickly, urgently	eilig, unverzüglich; dringend	377
четверо	че'тверо	four	vier; zu viert	378
помимо	поми'мо	besides, apart from	außer, abgesehen von	379
грустно	гру'стно	it is sad, sadly, sorrowfully	traurig, es ist traurig	380
нормально	норма'льно	normally	normal	381
вежливо	ве'жливо	politely, courteously	höflich	382
неловко	нело'вко	embarrassing, uncomfortably, awkwardly	ungeschickt, peinlich	383
наверх	наве'рх	up, upward, upstairs, to the top	nach oben, hinauf-, herauf-	384
сидя	си'дя	sitting	sitzend, im Sitzen	385
шестьдесят	шестьдеся'т	sixty	sechzig	386
всерьёз	всерьёз	seriously, in earnest	ernst, ernstlich, im Ernst	387
впоследствии	впосле'дствии	afterwards, later, later on, subsequently	später, in der Folge	388
отнюдь	отню'дь	by no means, not at all	durchaus nicht, keineswegs, mitnichten	389
неподалёку	неподалёку	not far away	unweit, nicht weit, in der Nähe	390
ласково	ла'сково	affectionately; sweetly	zärtlich, sanft, liebevoll	391
сердито	серди'то	angrily	böse, zornig, streng	392
вдвоём	вдвоём	two	zu zweit	393
триста	три'ста	three hundred	dreihundert	394
поначалу	понача'лу	at first, firstly, in the beginning	anfangs	395
отчетливо	отче'тливо	clearly, vividly	deutlich, klar, scharf	396
прочь	прочь	away, off	weg, hin, hinweg	397
тихонько	тихо'нько	quietly, softly, gently, slowly, on the sly	leise	398
некуда	не'куда	nowhere	nirgends, nirgendwohin	399
поспешно	поспе'шно	in a hurry, hurriedly, hastily	eilig, in Eile	400
напрасно	напра'сно	in vain, for nothing, uselessly, to no purpose	vergeblich, umsonst; nutzlos, unnütz	401
стоя	сто'я	upright	im Stehen	402
красиво	краси'во	beautifully	schön, hübsch	403
несомненно	несомне'нно	undoubtedly, doubtless, beyond all question, without question	zweifellos, ganz bestimmt, sicherlich	404
изредка	и'зредка	now and then, from time to time, occasionally	dann und wann, hin und wieder, zuweilen	405
включая	включа'я	including, included	inklusive	406
ранее	ра'нее	before	früher	407
ай	ай		Ui	408
глупо	глу'по	it is foolish, it is stupid, it is silly, foolishly, stupidly	dumm	409
небось	небо'сь	most likely	wahrscheinlich, vielleicht, keine Angst, wohl	410
испуганно	испу'ганно	scared, startled, terrified	erschrocken	411
жарко	жа'рко	it is hot, hotly	es ist heiß	412
уверенно	уве'ренно	confidently, with confidence	sicher, überzeugt	413
чётко	чётко	clearly, accurately	deutlich, scharf, klar	414
удивленно	удивленно	surprisingly, astonishingly	überrascht	415
надолго	надо'лго	for a long time	für lange	416
скучно	ску'чно	boringly, tediously	langweilig, es ist langweilig	417
фактически	факти'чески	practically, actually, in fact, virtually	siehe фактический	418
передо	пе'редо		vor	419
следовательно	сле'довательно	consequently, therefore, hence	folglich; somit  (also / demnach / infolgedessen)	420
искренне	и'скренне	sincerely	aufrichtig, innig	421
издали	и'здали	from a distance	von weitem, aus der Ferne	422
мысленно	мы'сленно	mentally	mental; begrifflich	423
дескать	де'скать	they say	angeblich (zur Distanzierung bei der Wiedergabe fremder Rede); also (als Füllwort)	424
нередко	нере'дко	not infrequently, quite often	nicht selten, ziemlich oft	425
аж	аж		doch, denn, sage und schreibe; sogar	426
подобно	подо'бно	like	ähnlich	427
семьдесят	се'мьдесят	seventy	siebzig	428
военно	военно	militarily	kriegerisch	429
всюду	всю'ду	everywhere	überall	430
наружу	нару'жу	outside	nach außen	431
свободно	свобо'дно	freely; easily	frei, unbesetzt, leer, freizügig (locker, ungehemmt), fließend (Sprache)	432
недолго	недо'лго	not long	nicht lange	433
непосредственно	непосре'дственно	immediately, directly	unmittelbar, direkt, natürlich, unbefangen	434
нехорошо	нехорошо'	it is bad, it is wrong, badly	nicht gut, schlecht	435
нарочно	наро'чно	on purpose	absichtlich, mit Absicht, eigens, extra, zum Spaß	436
плотно	пло'тно	close, tightly	dicht, fest, robust, stämmig, kräftig, reichlich	437
вначале	внача'ле	at first, in the beginning	anfangs	438
растерянно	расте'рянно	perplexedly	fassungslos, verlegen	439
неприятно	неприя'тно	it is unpleasant, unpleasantly	unangenehm, peinlich, ärgerlich	440
пешком	пешко'м	on foot, afoot	zu Fuß	441
неудобно	неудо'бно	it is inconvenient, uncomfortably	unbequem, ungünstig, es ist unbequem, es ist ungünstig, es ist peinlich, es ist nicht angebracht, es schickt sich nicht	442
безусловно	безусло'вно	undoubtedly, absolutely, unconditionally, there is no doubt that, of course, certainly	unbedingt, zweifellos	443
соответственно	соотве'тственно	accordingly, correspondingly, conformably, according to	gemäß / entsprechend; beziehungsweise	444
стремительно	стреми'тельно	Swiftly	ungestüm, rasch, vehement	445
обидно	оби'дно	it is a pity, offensively	bitter, schmerzlich, verletzend, kränkend	446
откровенно	открове'нно	frankly, candidly, openly	offen	447
поверх	пове'рх	over	über, oberhalb	448
мк	мк		Mikrometer; Seefahrtfachschule; Millikelvin; Magnetkarte; Magnetkurs; Tonbandkassette; Kleinkaliber-	449
неподвижно	неподви'жно	motionless, fast	unbeweglich, regungslos, starr	450
некого	не'кого	there is nobody one can	niemanden	451
направо	напра'во	to the right	nach rechts, rechts	452
налево	нале'во	to the left, on the side	nach links, links	453
ежели	е'жели	if	sofern, wenn	454
сего	сего	this	siehe сей	455
опасно	опа'сно	dangerously, perilously	gefährlich, es ist gefährlich	456
светло	светло'	it is light, brightly	es ist hell	457
отдельно	отде'льно	separately	extra; getrennt, gesondert	458
подробно	подро'бно	in detail, at length, minutely	ausführlich, eingehend; detailliert	459
грубо	гру'бо	roughly, coarsely, rudely, crudely	grob, barsch, rauh, hart	460
небрежно	небре'жно	casually, carelessly, negligently	nachlässig, liederlich, lässig; achtlos	461
нисколько	ниско'лько	not at all, not in the least, none at all	gar nicht, nicht im geringsten, durchaus nicht	462
торжественно	торже'ственно	solemnly	feierlich, festlich, pompös	463
заодно	заодно'	at the same time	gemeinsam, einträchtig, zugleich, nebenbei	464
пошло	по'шло	vulgarly	flach	465
благополучно	благополу'чно	all right, well, happily	glücklich, gelungen, geglückt, wohlbehalten, reibungslos, günstig; blühend, prosperierend	466
густо	гу'сто	thickly, densely	"dicht, dick; dickflüssig (z.B. Sahne ""steif"" geschlagen)"	467
печально	печа'льно	sadly, regrettably, unfortunately	traurig, kummervoll; betrübt, wehmütig	468
научно	нау'чно	scientifically	wissenschaftlich, wissenschaftsbasiert, akademisch	469
нежно	не'жно	tenderly, delicately	zart, zärtlich	470
лениво	лени'во	lazily, idly	faul	471
открыто	откры'то	open, opened, openly, plainly	offen, aufrichtig	472
ежедневно	ежедне'вно	daily, every day	täglich, jeden Tag	473
успешно	успе'шно	successfully, well	erfolgreich, mit Erfolg	474
потихоньку	потихо'ньку	slowly, noiselessly, silently, on the sly, secretly, by stealth	leise, sacht, langsam, allmählich, nach und nach; heimlich, verstohlen	475
полно	полно'	fully; brim-full, full to the brim	voll	476
пристально	при'стально	fixedly, intently	unverwandt, durchdringend, angespannt	477
мрачно	мра'чно	grim, dark, bleak	finster, düster	478
сбоку	сбо'ку	from one side, on one side, at the side	seitlich, seitwärts, daneben, von der Seite	479
мм	мм		Millimeter	480
поди	поди'	I should not wonder, I dare say, just try	sicher, komm, geh	481
официально	официа'льно	officially	offiziell, amtlich	482
сухо	су'хо	it is dry, drily, coldly	trocken	483
равнодушно	равноду'шно	with indifference, indifferently	gleichgültig	484
горько	го'рько	bitterly	bitter, bitterlich	485
целиком	целико'м	whole, wholly, entirely	ganz, vollständig, vollkommen, voll und ganz	486
бесплатно	беспла'тно	free of charge, gratis	gratis	487
мирно	ми'рно	peacefully, in harmony	friedlich	488
нервно	не'рвно	nervously	nervös	489
отчаянно	отча'янно	desperately, awfully	verzweifelt	490
низко	ни'зко	low, basely, meanly, despicably	niedrig, tief; gemein, niederträchtig	491
терпеливо	терпели'во	patiently, with patience	geduldig	492
вдали	вдали'	in the distance, at a distance, far off	in der Ferne	493
глухо	глу'хо	deafly; dully, vaguely, in a muffled way (sound); out-of-the-way, remotely (place)	taub, dumpf, stimmlos (Ton); abgelegen, still (Ort)	494
пусто	пу'сто	be empty	leer	495
поперёк	поперёк	across	quer, quer über	496
восемьдесят	во'семьдесят	eighty	achtzig	497
бесшумно	бесшу'мно	quietly, silently, noiselessly	geräuschlos, lautlos	498
вплоть	вплоть	up to, right up to, down to	bis auf; bis zu; bis in; ganz dicht; in vollem Maße, so richtig; bis, bis hin zu, bis weit hinein ins ... (Jahrhundert)	499
шестнадцать	шестна'дцать	sixteen	sechzehn	500
повсюду	повсю'ду	everywhere, far and wide	überall	501
дружно	дру'жно	in a friendly manner, in friendly fashion, amicably, simultaneously, together, rapidly	in Freundschaft, in Eintracht, gemeinsam, mit vereinten Kräften, einmütig	502
изнутри	изнутри'	from within, on the inside	von innen, von der Mitte, aus den Tiefen von etwas	503
одинаково	одина'ково	equally	gleich, └ der / die / das ┘ gleiche ..., gleichartig, gleichermaßen	504
насквозь	наскво'зь	through, throughout	durch und durch, völlig	505
жадно	жа'дно	greedily, avidly	gierig; geizig	506
неважно	нева'жно	it is unimportant, never mind, not very well, poorly, indifferently	egal, es ist egal, das macht nichts aus; unwichtig, es hat keine Bedeutung	507
недостаточно	недоста'точно	it is insufficient, it is not enough, insufficiently	zu wenig	508
гордо	го'рдо	proudly	stolz	509
упорно	упо'рно	persistently	hartnäckig, beharrlich	510
вправо	впра'во	to the right	nach rechts	511
тьфу	тьфу		äks, pfui	512
попросту	по'просту	simply, without ceremony	einfach, ohne Umstände	513
мостовый	мостовый		n/a	514
устало	уста'ло	tiredly	müde, ermüdet	515
тесно	те'сно	tightly, narrowly, closely	eng	516
вправду	впра'вду	really, really and truly	wirklich, tatsächlich	517
издалёка	издалёка	from far away, from afar	von weitem, aus der Ferne	518
дорого	до'рого	expensive, dear, dearly	teuer	519
впрямь	впрямь	really, indeed	tatsächlich, in der Tat	520
ничуть	ничу'ть	not a bit	gar nicht, durchaus nicht, keineswegs	521
шумно	шу'мно	noisily	laut	522
людской	людско'й	human	Menschen-, menschlich, menschenwürdig	523
вплотную	вплотну'ю	close, in real earnest	ganz dicht; in vollem Maße, so richtig; ganz dicht an; ganz dicht an	524
активно	акти'вно	actively	aktiv, tätig	525
влево	вле'во	to the left	nach links	526
стоп	стоп	stop	Stop!	527
боковой	боково'й	lateral	seitlich, Seiten-	528
ура	ура'	hurrah	hurra, Hurra	529
снаружи	снару'жи	outside	außen, draußen, außerhalb, von außen	530
смело	сме'ло	boldly, bravely, fearlessly	kühn, tapfer, mutig, furchtlos, gewagt	531
удобно	удо'бно	it is convenient, it suits, it is proper, comfortably	bequem, günstig, geeignet, passend, angebracht, schicklich	532
самостоятельно	самостоя'тельно	independently, without assistance	selbständig, unabhängig, souverän	533
туго	ту'го	tight, with difficulty, slowly	fest, mühsam, schwer, langsam	534
виновато	винова'то	guiltily	schuldig, schuld (sein), schuldbewusst	535
вопреки	вопреки'	in spite of, despite, notwithstanding, against, in defiance of, regardless of, in the teeth of, contrary to	trotz; entgegen, gegen, wider, zuwider	536
сравнительно	сравни'тельно	comparatively	verhältnismäßig, relativ	537
живо	жи'во	vividly, strikingly, keenly, with animation, quick, promptly	lebend; lebendig (lebhaft, flink, ruck-zuck)	538
северо	северо	North	Nord-	539
пятьсот	пятьсо'т	five hundred	fünfhundert	540
пополам	попола'м	in two, half-and-half	entzwei, in zwei Hälften, halbpart, fifty-fifty	541
насмешливо	насме'шливо	derisively	spöttisch, höhnisch, spöttlustig	542
восемнадцать	восемна'дцать	eighteen	achtzehn	543
мучительно	мучи'тельно	painfully, agonizingly, excruciatingly	qualvoll	544
недаром	неда'ром	not for nothing, not without reason, not without purpose	nicht ohne Grund, nicht von ungefähr; nicht umsonst	545
противно	проти'вно	II, against	widerlich, abstoßend, ekelhaft, widerwärtig; entgegen	546
вс	вс		Sonntag; Oberster Rat; Streitkräfte	547
тревожно	трево'жно	anxious, uneasy, troubled, perturbed, worried, disturbed, disturbing	aufgeregt, beunruhigt, beunruhigend, unruhig	548
бесконечно	бесконе'чно	infinitely, extremely, endlessly, without end	unendlich, endlos, dauernd, fortwährend, ewig	549
трижды	три'жды	three times, thrice	3 x (in Multiplikationsaufgaben); dreimal, dreifach	550
пятеро	пя'теро	five	fünf; zu fünft	551
горячо	горячо'	hotly, with heat, warmly, with warmth	mit großem Eifer; heiß	552
внешне	вне'шне	outwardly, in outward appearance	äußerlich, dem Äußeren nach	553
ишь	ишь		na so was	554
круто	кру'то	super cool	steil, streng, hart; jäh, plötzlich; cool, toll, super	555
невероятно	невероя'тно	it is incredible, it is inconceivable, it is beyond belief, incredibly, inconceivably	unwahrscheinlich; unglaublich; unerhört	556
независимо	незави'симо	independently	unabhängig; selbständig	557
вполголоса	вполго'лоса	in an undertone, in a low voice	halblaut, mit halber Stimme	558
послушно	послу'шно		gehorsam, folgsam	559
категорически	категори'чески	categorically, flatly	ausdrücklich; kategorisch	560
недовольно	недово'льно	unhappy, displeased	unzufrieden	561
бессмысленно	бессмы'сленно	senselessly, foolishly	sinnlos; unsinnig	562
робко	ро'бко		ängstlich, furchtsam; zaghaft, schüchtern, scheu	563
автоматически	автомати'чески	automatically, independently	automatisch	564
подозрительно	подозри'тельно	it is suspicious, suspiciously, with suspicion	verdächtig, Verdacht erweckend, misstrauisch, argwöhnisch	565
вяло	вя'ло	limply, listlessly, inertly	welk, schlaff, träge	566
чересчур	чересчу'р	too; way over, too much	viel zu, allzu, allzusehr	567
наполовину	наполови'ну	half	halb, zur Hälfte	568
отныне	отны'не	henceforth, henceforward, from now on	von nun an, von heute ab	569
удачно	уда'чно	successfully, well	glücklich, treffend	570
смущенно	смущенно	embarrassingly	verlegen	571
семнадцать	семна'дцать	seventeen	siebzehn	572
запросто	за'просто	unceremoniously, without ceremony	ohne Umstände, ruckzuck	573
бесполезно	бесполе'зно	it is useless, it is no good, it is of no use, uselessly	nutzlos, unnütz, sinnlos, umsonst	574
остро	о'стро	sharp, keenly	scharf, spitz; heftig, akut	575
поблизости	побли'зости	near at hand, hereabout, close by	in der Nähe	576
ля	ля		die; la	577
судорожно	су'дорожно	spasmodically	krampfhaft	578
справедливо	справедли'во	fair, right, correct	gerecht, mit Recht, begründet, zu Recht	579
плавно	пла'вно	smooth	fließend, leicht, schwebend	580
бережно	бе'режно	with care, cautiously, solicitously, with solicitude	behutsam, schonend, sorgsam	581
жалобно	жа'лобно		klagend, jammernd	582
любопытно	любопы'тно	it is interesting	neugierig, interessiert	583
скромно	скро'мно	modestly	bescheiden, anspruchslos; schlicht, einfach	584
яростно	я'ростно	furiously	wütend, verbissen, zornig	585
рф	рф	Russian Federation	russische Föderation	586
нежели	не'жели	than	als (im Vergleich)	587
девяносто	девяно'сто	ninety	neunzig	588
вблизи	вблизи'	close by, nearby	in der Nähe, nicht weit, unweit	589
покорно	поко'рно	humbly, submissively, obediently	gehorsam, ergeben	590
черно	черно'	black (short form)	schwarz, finster, dunkel	591
сплошь	сплошь	completely, entirely, everywhere, nothing but	ganz, gänzlich, voll und ganz; ausnahmslos, alle; überall, lauter, nichts als	592
регулярно	регуля'рно	regularly	regelmässig	593
хмуро	хму'ро		finster, düster, trübe	594
вследствие	всле'дствие	as a result of, owing to, on account of, in consequence of	infolge, durch, im Ergebnis	595
намного	намно'го	way more	um vieles, deutlich, viel, vielfach	596
втроём	втроём	three	zu dritt	597
предварительно	предвари'тельно	beforehand, preliminarily, as a preliminary	vorher, vorläufig	598
сладко	сла'дко	it is sweet, sweetly	süß	599
ненадолго	ненадо'лго	for a short while, not for long	nicht für lange, auf kurze Zeit	600
смутно	сму'тно	vaguely, dimly	dunkel, unklar, verschwommen, unruhig	601
четырнадцать	четы'рнадцать	fourteen	vierzehn	602
ана	ана		---	603
неужто	неужто		etwa, denn, wirklich	604
мвд	мвд	Ministry of Internal Affairs (Russia)	Abkürzung einer Institution wie z.B. Марийское внедорожное движение	605
неоднократно	неоднокра'тно	repeatedly, time and again, more than once	mehrfach, wiederholt	606
счастливо	счастли'во	happily	Machs gut!; glücklich	607
замечательно	замеча'тельно	it is remarkable, it is wonderful, remarkably, wonderfully, out of the ordinary	bemerkenswert, beachtlich, ausgezeichnet, vortrefflich, hervorragend, herausragend; wunderbar, prima	608
напряжённо	напряжённо		angestrengt	609
отчасти	отча'сти	partly, rather	zum Teil, teilweise	610
вдобавок	вдоба'вок	in addition, to boot, moreover, into the bargain, on top of everything, as well	obendrein	611
сложно	сло'жно	it is complicated, it is difficult, in a complicated manner	kompliziert, verwickelt	612
угрюмо	угрю'мо	sullenly	mürrisch, düster	613
некто	не'кто	someone	mach einer	614
свыше	свы'ше	from above, from heaven, over, beyond	mehr als, über; von oben	615
английски	англи'йски		Englisch	616
преимущественно	преиму'щественно	mainly, chiefly	vorzugsweise, vorwiegend; hauptsächlich / größtenteils	617
юго	юго		Süd-	618
оп	оп		hoppla	619
нетрудно	нетру'дно		leicht, unschwer, nicht schwer	620
га	га		Hä? Wie bitte?	621
яков	яков		siehe як	622
упрямо	упря'мо		eigensinnig, starrsinnig; stur	623
нелегко	нелегко'	difficult	schwierig, schwer	624
неизменно	неизме'нно	invariable	unveränderlich, beständig	625
привычно	привы'чно		gewohnt	626
рассеянно	рассе'янно	absentmindedly	zerstreut, abwesend, nicht konzentriert	627
вдвое	вдво'е	twice, half, in half	doppelt so viel, zweimal so viel, zwei Mal so viel, zweifach, um das Zweifache, um das Doppelte, verzweifacht, verdoppelt	628
реально	реа'льно	really, truly	wirklich	629
понемногу	понемно'гу	little, a little at a time, little by little	ein wenig, allmählich, langsam, nach und nach	630
поистине	пои'стине	indeed, in truth	wahrhaftig, wahrlich	631
неизбежно	неизбе'жно	it is inevitable, inevitably, of necessity	unvermeidlich	632
чп	чп		Abkürzung - z.B. für ЧП Abkürzung von чрезвыча́йное происшествие; Störfall	633
нехотя	не'хотя	unwillingly, reluctantly, inadvertently	ungern, widerwillig	634
вовсю	вовсю'	fully, completely	mit aller Macht, auf vollen Touren	635
настойчиво	насто'йчиво		hartnäckig, beharrlich, mit Nachdruck	636
ого	ого'	wow	Oh!; Wow!	637
бодро	бо'дро	cheerfully, briskly	munter, frisch	638
социально	социа'льно	socially	sozial	639
сурово	суро'во	severely, sternly	hart, streng, rauh	640
единственно	еди'нственно	only, solely	einziger, der einzige	641
дико	ди'ко		wild	642
беззвучно	беззву'чно	silently	klanglos, lautlos	643
прочно	про'чно	solidly, firmly, well	dauerhaft, haltbar, fest	644
мелко	ме'лко	fine, not deep	klein, fein; seicht, flach	645
физически	физи'чески		körperlich / physisch; physikalisch	646
хрипло	хри'пло	coarsley; gruffly; hoarsley	heiser	647
жёстко	жёстко	it is hard, hard	hart, starr, rau	648
добровольно	доброво'льно	voluntarily	freiwillig	649
грозно	гро'зно	threateningly, menacingly, sternly	drohend, bedrohlich, fürchterlich, streng	650
нелепо	неле'по	it is absurd, absurdly	komisch, unsinnig	651
непрерывно	непреры'вно	uninterruptedly, continuously	ununterbrochen, andauernd	652
тайно	та'йно	secretly, in secret, in an underhand way	heimlich, geheim, im geheimen, insgeheim	653
послезавтра	послеза'втра	the day after tomorrow	übermorgen	654
толя	толя		Eigenname	655
заново	за'ново	over again, from the start	von neuem, aufs neue, von vornherein, von Anfang an	656
вопросительно	вопроси'тельно		fragend aufsehen	657
шибко	ши'бко	much, smartly, quickly, hard	schnell, flink, rasch	658
зачастую	зачасту'ю	often, frequently	öfters, häufig	659
посередине	посереди'не	in the middle, half way along	in die Mitte, in der Mitte, mitten in	660
неохотно	неохо'тно	unwillingly, with reluctance, reluctantly	ungern, widerwillig	661
сколь	сколь	how	wie	662
изрядно	изря'дно	fairly, pretty well	bedeutend, tüchtig, ordentlich	663
приблизительно	приблизи'тельно	approximately, roughly	annähernd, ungefähr, etwa, an	664
тринадцать	тринадцать	thirteen	dreizehn	665
начисто	на'чисто	clean, fair, decidedly, completely, openly	rein, glattweg	666
ми	ми	E, mi	mi (Notenwert)	667
частично	части'чно	in part, partially	teilweise, zum Teil	668
прилично	прили'чно	decently, properly, becomingly, decorously, quite well	anständig, ganz gut, ziemlich gut	669
конкретно	конкре'тно	specifically	konkret	670
тоскливо	тоскли'во	drearily, sadly, dully	schwermütig, traurig	671
мельком	ме'льком	in passing, cursorily	flüchtig, aus dem Augenwinkel	672
жестоко	жесто'ко	cruelly, nastily, viciously	grausam, brutal, hart	673
тупо	ту'по	dully, stupidly, with a stupid air	stumpf	674
негде	не'где	there is nowhere, there is no place	nirgends	675
наутро	нау'тро	the next morning, on the morrow	am Morgen	676
взамен	взаме'н	instead of, in return for, in exchange for	als Ersatz, als Entgelt, anstatt	677
летие	летие		-Jubiläum, -Jahrestag	678
жутко	жу'тко	eerily; creepily	unheimlich, gruslig; schrecklich	679
частенько	часте'нько	quite frequently, fairly often	häufig, öfter, ziemlich oft	680
всячески	вся'чески	in every way possible, in every possible way	auf jede Art und Weise	681
смертельно	смерте'льно	mortally	tödlich, zum Sterben, Sterbens-	682
наизусть	наизу'сть	by heart, by rote	auswendig	683
посредством	посре'дством	by means of, by the use of, through	mit Hilfe von, durch, mittels	684
ух	ух		huch	685
гм	гм	ahem	Hm	686
необычайно	необыча'йно		außerordentlich	687
подле	по'дле	by the side of, by side	bei, nahe; neben, daneben	688
шмаков	шмаков		Schmakow (Eigenname)	689
наедине	наедине'	in private, privately, tete-a-tete, a deux	zu zweit, unter vier Augen, für sich allein	690
человечески	человечески	humanely, courteously	menschlich	691
намерен	наме'рен	intending	gewillt	692
этак	э'так	so, in this manner, thus	so, so etwa	693
напоследок	напосле'док	in the end, in conclusion, after all	zu guter Letzt, schließlich, anschließend, zum Schluss	694
безо	безо		ohne	695
подолгу	подо'лгу	long, for hours, days, months	lange, längere Zeit	696
суждено	суждено'	destined, bound, meant to	vorausbestimmt, auferlegt	697
сознательно	созна'тельно	consciously, conscientiously, deliberately	bewußt, pflichtbewußt, absichtlich, vorsätzlich	698
моментально	момента'льно	instantly, in a moment	sofort, augenblicklich	699
мемуар	мемуар	memoire	siehe мемуары	700
определённо	определённо	definitely	bestimmt; ausdrücklich	701
полезно	поле'зно	it is useful, it is healthy, it is wholesome	es ist nützlich, ist gesund, es ist gut	702
уныло	уны'ло	despondently, dolefully, dejectedly	mißmutig, verzagt, traurig, trostlos	703
недоверчиво	недове'рчиво	with distrust, distrustfully, mistrustfully	mißtrauisch	704
фу	фу		Pfui, Igitt	705
притом	прито'м	besides	dabei, obendrein; außerdem	706
злобно	зло'бно	angrily	böse	707
одиноко	одино'ко	lonely	einsam, alleinstehend	708
сдержанно	сде'ржанно	with restraint, with discretion, with reserve	zurückhaltend, reserviert, selbstbeherrscht	709
существенно	суще'ственно	significantly, remarkably	wesentlich, bedeutend, gravierend	710
позавчера	позавчера'	the day before yesterday	vorgestern	711
ввиду	ввиду'	in view; owing to	wegen, weil, da; angesichts, in Hinblick auf, auf Grund von	712
основательно	основа'тельно	thoroughly	gründlich, von Grund auf, tüchtig, gehörig	713
покуда	поку'да	as long as	solange bis	714
маленько	ма'ленько	a little, a bit	ein klein wenig, kurze Zeit	715
тонко	то'нко	thinly, subtly	dünn, fein, schlank, scharf, verfeinert	716
тан	тан		Eigenname	717
четыреста	четы'реста	four hundred	vierhundert	718
пронякина	пронякина		---	719
внутренне	вну'тренне	inwardly	innerlich	720
тасс	тасс		Telegrafenagentur der UdSSR	721
тускло	ту'скло	dimly, wanly	trüb, matt	722
безразлично	безразли'чно	it does not matter, with indifference	gleichgültig, ganz gleich	723
предельно	преде'льно	completely; extremely	höchst, äußerst	724
близ	близ	near, close to	in der Nähe, nahe bei	725
щедро	ще'дро	generously	freigebig, ausgiebig; großzügig, nobel	726
кверху	кве'рху	up, upwards	nach oben	727
обиженно	оби'женно	resentful	beleidigt	728
легонько	лего'нько	slightly, gently	federleicht, vorsichtig, behutsam	729
быстренько	бы'стренько		flink, ganz schnell	730
хорошенько	хороше'нько	thoroughly, properly, well and truly	ordentlich, gehörig, tüchtig	731
теоретически	теорети'чески	in theory, theoretically	theoretisch	732
настороженно	настороженно		aufmerksam	733
тяжко	тя'жко		schwer, mühsam, qualvoll, lästig, peinlich	734
незачем	не'зачем	no need, it is useless	es lohnt nicht	735
приветливо	приве'тливо	friendly, welcoming	freundlich	736
вкусно	вку'сно	it is tasty, delicious, palatable, savoury	lecker, schmackhaft	737
поодаль	поо'даль	at some distance, aloof	in einiger Entfernung, etwas weiter	738
явственно	я'вственно		klar, deutlich, vernehmlich	739
шестеро	ше'стеро	six	sechs	740
кг	кг		Abkürzung Kilogramm	741
принципиально	принципиа'льно	on principle, in the main, in essence	prinzipiell, grundsätzlich, prinzipienfest, prinzipientreu	742
неинтересно	неинтере'сно		uninteressant	743
отрицательно	отрица'тельно	negatively	negativ	744
характерно	характерно	characteristically	charakteristisch, wesenseigen; charaktervoll (mit starkem Charakter, willensstark)	745
смирно	смирно	quietly	ruhig, still	746
умело	уме'ло	skilfully	geschickt	747
невесть	невесть		unklar; irdendwelche; wer weiss was	748
набок	на'бок	on one side, awry, sideways	zur Seite, schief	749
уютно	ую'тно	cosily, comfortably	gemütlich, behaglich	750
нечаянно	неча'янно	by accident, accidentally, inadvertently	unabsichtlich, versehentlich	751
эдак	эдак		so, so etwa	752
мило	ми'ло	nice, nicely, pretty, prettily	lieb, nett; süss, hübsch	753
незадолго	незадо'лго	shortly, not long	kurz vor	754
тайком	тайко'м	secretly, in secret, surreptitiously, by stealth, on the quiet, on the sly	heimlich, im stillen	755
тв	тв		Abkürzung (zum Beispiel für телевизор)	756
наподобие	наподо'бие	like, not unlike	in der Art von; ähnlich wie (bei), analog zu	757
сочувственно	сочу'вственно	with sympathy, sympathetically	mitfühlend, teilnehmend	758
выгодно	вы'годно	it is advantageous, it is profitable, it pays, advantageously	vorteilhaft, nützlich, gewinnbringend, günstig	759
великолепно	великоле'пно	splendidly; magnificently, stunningly	großartig, prachtvoll, herrlich	760
добродушно	доброду'шно	with bonhomie, with friendliness, with cordiality	gutmütig	761
энергично	энерги'чно		energisch	762
сердечно	серде'чно		herzlich, von Herzen	763
бешено	бе'шено		tollwütig, wütend, rasend, wahnsinnig	764
демонстративно	демонстрати'вно		demonstrativ	765
истинно	и'стинно	truly, really	wahr, echt, wirklich, tatsächlich	766
бесследно	бессле'дно	without leaving a trace	spurlos	767
звонко	зво'нко		klangvoll, hell, stimmhaft	768
душно	ду'шно	air stuffy	schwül; stickig	769
облегченно	облегченно		erleichtert	770
болезненно	боле'зненно	painfully, badly, oversensitively	kränklich, schmerzhaft, schmerzlich, krankhaft	771
гладко	гла'дко	smoothly	glatt, eben; einfarbig (uni)	772
сугубо	сугу'бо	especially, particularly	äusserst, höchst	773
убедительно	убеди'тельно		überzeugend, eindringlich	774
страстно	стра'стно	passionately, with passion	leidenschaftlich	775
подчас	подча'с	sometimes, at times	zuweilen, mitunter	776
вверху	вверху'	above, overhead	oben	777
славно	сла'вно	it is nice, famously, well	gut, fein, nett, sympathisch	778
хм	хм		ähem, hm	779
посредине	посреди'не	Middle, in the middle; Halfway	mittendrin	780
косо	ко'со	slantwise, obliquely, aslant, askew, asquint	schief, schräg, scheel	781
беличенко	беличенко		Eigenname	782
напрямую	напряму'ю	Directly	direkt, unmittelbar, aus erster Hand; geradeaus, gerade, grade; geradeheraus	783
насмерть	насмерть	to die	tödlich, zu Tode	784
безумно	безу'мно	madly, awfully, frightfully	wahnsinnig, irrsinnig	785
веня	веня		Eigenname	786
неясно	нея'сно		unklar; undeutlich / diffus	787
настежь	на'стежь	wide	sperrangelweit	788
алло	алло'	hello on the phone	Hallo am Telefon	789
деликатно	делика'тно	delicately	zartfühlend, feinfühlig, rücksichtsvoll; heikel, delikat	790
надобно	на'добно	necessary	notwendig, nötig	791
добром	добро'м		in aller Güte, ohne Zwang	792
исподлобья	исподло'бья		mit gerunzelter Stirn, finster, mürrisch	793
ль	ль		ob (auch zur Kennzeichnung einer indirekten Frage)	794
назло	назло'	to spite	zum Trotz, (jetzt) erst recht	795
задолго	задо'лго	long before, well in advance	lange vor	796
навеки	наве'ки	for ever, for good, for ever and ever	auf ewig, für immer	797
забавно	заба'вно	it is fun, amusingly, in an amusing way	lustig, drollig	798
восторженно	восто'рженно	enthusiastically, rapturously	begeistert	799
параллельно	паралле'льно	parallel, simultaneously, at the same time	parallel	800
решетнев	решетнев		-	801
впредь	впредь	henceforth, henceforward, in future, for the future, in the future, from this time onward	künftig, von nun an	802
обыкновенно	обыкнове'нно	usually, as a rule	gewöhnlich	803
формально	форма'льно	nominally, formally	formell	804
вправе	впра'ве		berechtigt	805
любезно	любе'зно	kindly, courteously, politely, nicely	liebenswürdig	806
достойно	досто'йно	suitably, fittingly, with dignity	verdient; würdig; wert	807
враз	враз	all together, simultaneously	sofort; gleichzeitig	808
босиком	босико'м	barefoot	barfuß	809
гулко	гу'лко		widerhallend	810
украдкой	укра'дкой	by stealth, stealthily, furtively	heimlich, verstohlen, im stillen	811
публично	публи'чно	publicly, in public, openly	öffentlich	812
сверх	сверх	over, besides, above, beyond	über, auf, mehr als, außer, zusätzlich zu, wider	813
дружески	дру'жески		freundschaftlich, familiär	814
су	су	sou	Su	815
тщетно	тще'тно	vainly, in vain	vergebens, umsonst	816
озабоченно	озабо'ченно		besorgt, sorgenvoll, bekümmert, bedrückt	817
ежегодно	ежего'дно	yearly, every year, annually	alljährlich, jedes Jahr	818
воистину	вои'стину	truly, in truth, indeed, verily	tatsächlich, wirklich, in der Tat	819
вдаль	вдаль	far	in die Ferne	820
иль	иль		oder, etwa	821
нагло	на'гло		frech, unverschämt	822
угу	угу'		hmm, ja, einverstanden	823
морально	мора'льно	morally	moralisch, sittlich	824
чуточку	чу'точку	a little, a wee bit, just a bit	ein klein wenig	825
достоверно	достове'рно	for certain for sure	zuverlässig, sicher, glaubwürdig	826
надёжно	надёжно		sicher, zuverlässig, verläßlich	827
плоткин	плоткин		---	828
поразительно	порази'тельно	amazing, astonishing	überraschend, erstaunlich	829
загадочно	зага'дочно		rätselhaft	830
условно	усло'вно	on condition that, conditionally	bedingt, bedingungsweise	831
долл	долл		Dollar	832
девятьсот	девятьсо'т	nine hundred	neunhundert	833
давеча	да'веча	lately, recently	neulich, vor kurzem	834
покрепче	покре'пче		etwas └ fester / stärker ┘; so └ fest / stark ┘ wie möglich	835
детски	детски		kindlich, auf Kinderkram bezogen	836
серо	серо	grey; cloudily	grau	837
назавтра	наза'втра	the next day	am nächsten Tag, tags darauf	838
пронзительно	пронзи'тельно	shrilly, piercingly, stridently	durchdringend	839
грязно	гря'зно	it is dirty, dirtily, untidily	schmutzig	840
вконец	вконе'ц	completely, utterly	gänzlich, ganz und gar, vollends	841
профессионально	профессиона'льно		Berufs-, Fach-, beruflich, fachlich	842
логично	логи'чно	logical, logically	logischerweise	843
взад	взад		zurück	844
шестьсот	шестьсо'т	six hundred	sechshundert	845
извне	извне'	from without	von außen	846
долой	доло'й	down with, away with	weg; nieder	847
периодически	периоди'чески	periodically	periodisch, zyklisch, ab und an; regelmäßig	848
нестерпимо	нестерпи'мо		unerträglich	849
одобрительно	одобри'тельно	approvingly, with approval	anerkennend	850
общественно	обще'ственно	socially	gesellschaftlich, öffentlich	851
искоса	и'скоса	askance, aslant	von der Seite, schief	852
горестно	го'рестно	sorrowfully, sadly	kummervoll, traurig	853
ба	ба		bah	854
хитро	хитро	slyly, cunningly, intricately, with cunning, adroitly	schlau, listig	855
поневоле	понево'ле	willy-nilly	notgedrungen / gezwungenermaßen; zwangsläufig, wohl oder übel	856
наугад	науга'д	at random, by guess-work	aufs Geratewohl, auf gut Glück	857
наглухо	на'глухо	tight, hermetically	fest, dicht, hermetisch	858
безуспешно	безуспе'шно	to no effect, without success, unsuccessfully	erfolglos	859
ото	ото		von, seit, gegen (eine Krankheit)	860
наперёд	наперёд	in advance	von vornherein	861
масхадов	масхадов		Eigenname	862
каролина	каролина		Eigenname	863
кратко	кра'тко	briefly	kurz, knapp, in knappen Worten	864
посему	посему'	Therefore, thence	aus eben diesem Grunde	865
ди	ди		zwei, bi-	866
бледно	бледно		bleich, blaß	867
аль	аль		oder	868
вредно	вре'дно	harmful, hurtful; unhealthy	schädlich, ungesund	869
сроду	сро'ду		nie, niemals, mein Leben lang nicht	870
ао	ао		Abkürzung z.B. für автономная ообласть	871
семеро	се'меро	seven	sieben; zu siebent	872
наскоро	на'скоро	hastily, hurriedly, slapdash	auf die Schnelle, eilig, hastig	873
бокарев	бокарев		Eigenname	874
кабы	кабы	If, if only	wenn doch, wenn ja	875
отовсюду	отовсю'ду	from everywhere, from every quarter	von überall, von allen Seiten	876
понимающе	понима'юще		verständnisvoll	877
главый	главый		-köpfig, mit ... Türmen	878
никитич	никитич		Eigenname	879
многократно	многокра'тно	repeatedly, many times, over and over again	vielfach	880
неестественно	неесте'ственно		unnatürlich, gekünstelt, gezwungen	881
поочерёдно	поочерёдно	in turn, by turns	abwechselnd	882
полуночь	полуночь		siehe по̀лночь	883
почём	почём		wie viel, wie, woher	884
разумно	разу'мно	reasonably, judiciously, wisely, cleverly, sensibly	vernünftig, vernunftmäßig, vernunftbegabt, verständig; sinnvoll, klug, weise	885
вдогонку	вдого'нку	after, in pursuit of	unmitelbar hinterher	886
превосходно	превосхо'дно	perfectly; excellent, first-rate	ausgezeichnet, perfekt	887
неуклюже	неуклю'же	awkwardly	ungeschickt, plump, ungefüge	888
добросовестно	добросо'вестно		gewissenhaft	889
изначально	изнача'льно	originally	ursprünglich, von Haus aus	890
восемьсот	восемьсо'т	eight hundred	achthundert	891
неудачно	неуда'чно		mißlungen	892
оживлённо	оживлённо	animatedly, with animation	lebhaft, belebt, rege	893
бородкин	боро'дкин		Eigenname	894
насильно	наси'льно	by force, under compulsion	gewaltsam, mit Gewalt	895
средь	средь	amid, among	inmitten	896
тошно	то'шно		ekelhaft, eklig	897
исправно	испра'вно		in gutem Zustand, unbeschädigt, unversehrt, intakt	898
заботливо	забо'тливо		sorgsam, fürsorglich, aufmerksam	899
беспощадно	беспоща'дно		erbarmungslos, schonungslos	900
беспокойно	беспоко'йно	uneasily	unruhig, ruhelos	901
зябко	зя'бко		verfroren	902
наяву	наяву'	when one is awake	in Wirklichkeit, in Wachheit	903
неверно	неве'рно	it is not true, incorrectly	falsch, unrichtig; untreu, treulos	904
налицо	налицо'		offenbar, offensichtlich	905
втайне	вта'йне	in secret, secretly	insgeheim, heimlich, im stillen	906
наивно	наи'вно		naiv	907
властно	вла'стно	bossily; imperiously	gebieterisch, herrisch	908
последовательно	после'довательно	constantly, consecutively	nacheinander, folgerichtig, konsequent	909
семьсот	семьсо'т	seven hundred	siebenhundert	910
напрочь	на'прочь	without a trace	überhaupt, ganz und gar	911
гувд	гувд		Abkürzung für Главное управление внутренних дел	912
спешно	спе'шно	in haste, hastily	eilig, hastig, dringend, dringlich	913
спереди	спе'реди	in front	vorn, von vorn, nach vorn; vor, auf der Vorderseite	914
ослепительно	ослепи'тельно		blendend	915
помалу	помалу		langsam, nach und nach, allmählich	916
изумленно	изумленно		erstaunt	917
вмиг	вмиг	in an instant, in a moment, in a flash, in a twinkling, in no time	im Nu, im Handumdrehen	918
внятно	вня'тно	distinctly	klar	919
беспрерывно	беспреры'вно	continuously, uninterruptedly, without a break	ununterbrochen, unaufhörlich, unausgesetzt	920
вдалеке	вдалеке'	in the distance, at a distance, far off	in der Ferne	921
дополнительно	дополни'тельно	in addition	zusätzlich, ergänzend, extra, nachträglich	922
прохладно	прохла'дно	it is a little cold	es ist kühl, es ist frisch	923
бурно	бу'рно		stürmisch	924
обильно	оби'льно		reichlich, ausgiebig, reich	925
невдалеке	невдалеке'	not far off	nicht weit, in der Nähe	926
гневно	гне'вно	angrily, wrathfully	zornig	927
неприлично	неприли'чно	indecently	unanständig, anstößig	928
таинственно	таи'нственно		geheimnisvoll	929
усиленно	уси'ленно		intensiv, angelegentlich	930
традиционно	традицио'нно	traditionally	traditionell	931
невесело	неве'село		mißmutig, unlustig, traurig, betrübt	932
наготове	нагото'ве	at call, in readiness	in Bereitschaft, bereit	933
вдребезги	вдре'безги	into smithereens	in tausend kleine Stückchen	934
собственноручно	собственнору'чно		eigenhändig	935
усердно	усе'рдно	hard, diligently	eifrig, fleißig, geflissentlich	936
невзначай	невзнача'й	by chance, quite unexpectedly	unversehens, unvermutet	937
нарочито	нарочи'то	deliberately, intentionally, expressly	absichtlich, betont	938
врасплох	враспло'х	unawares, by surprise	unerwartet, völlig überraschend, überrumpelt	939
поминутно	помину'тно		jeden Augenblick	940
бессильно	бесси'льно		kraftlos, schwach, machtlos, ohnmächtig	941
дурно	ду'рно	badly, bad, ill	schlecht, schlimm, übel, böse	942
культурно	культу'рно		kulturell	943
искусственно	иску'сственно	artificially	künstlich, unecht, falsch	944
объективно	объекти'вно		objektiv	945
секретно	секре'тно	secretly, covertly, in secret	geheim	946
убеждённо	убеждённо	with conviction	überzeugt, ehrlich	947
непросто	непро'сто	not easy; no simple task; not directly accomplishable	nicht gerade einfach	948
скверно	скве'рно	badly	schlimm, schlecht	949
бесспорно	бесспо'рно	there is no doubt, indisputably, unquestionably, undoubtedly, to be sure, assuredly, beyond question	unbestreitbar, unstreitig	950
охотничье	охотни'чье		Siehe: охотничий	951
наспех	на'спех	in a hurry, carelessly, in a slapdash manner	in aller Eile	952
намертво	на'мертво	tightly, fast	ganz fest, unzertrennbar	953
взволнованно	взволно'ванно	with emotion, with agitation	aufgeregt, bewegt	954
вдоволь	вдо'воль	in plenty, in abundance	reichlich, zur Genüge	955
рядышком	ря'дышком	near, nearby, alongside	gleich hier, ganz nah	956
попутно	попу'тно	in passing, incidentally, at the same time	zugleich, gleichzeitig, nebenbei, beiläufig	957
вторично	втори'чно	a second time, for the second time	wiederholt, zum zweitenmal, nochmals	958
заведомо	заве'домо	wittingly, deliberately	wissentlich	959
крупно	кру'пно		groß, bedeutend; grob	960
мимоходом	мимохо'дом	in passing, by the way	im Vorübergehen, unterwegs, beiläufig	961
вызывающе	вызыва'юще		herausfordernd, auffällig, frech	962
ехидно	ехи'дно		giftig, böse	963
материально	материа'льно		materiell	964
однозначно	однозна'чно		eindeutig	965
сонно	со'нно		schläfrig, verschlafen	966
вбок	вбок	sideways	zur Seite	967
солидно	соли'дно		solide	968
вишь	вишь		na so was, kaum zu glauben	969
невнятно	невня'тно		unklar, undeutlich, stumm (Vorwurf), unverständlich; unbewusst, ahnungsvoll	970
скорбно	ско'рбно		trauervoll, gramvoll, schmerzerfüllt	971
вглубь	вглубь	deep down, deep into	in die Tiefe, tief hinein	972
челышев	челышев		Eigenname	973
равномерно	равноме'рно	evenly, uniformly	gleichmäßig	974
необычно	необы'чно		ungewöhnlich, ungewohnt, sonderbar	975
доселе	досе'ле	hitherto, up to now	bis heute, bis jetzt	976
ничком	ничко'м	prone	kopfüber, mit dem Kopf nach unten	977
некстати	некста'ти	inopportunely, malapropos, irrelevantly, out of place, ineptly	ungelegen, zur unpassenden Zeit	978
первоначально	первонача'льно	originally	ursprünglich	979
напросто	напро'сто		просто-напросто. schlichtweg	980
дёшево	дёшево	cheap, cheaply	billig	981
отвратительно	отврати'тельно	disgustingly, abominably	abscheulich, widerlich	982
неспешно	неспе'шно		langsam, gesetzt, nicht eilig	983
маловато	малова'то	not quite enough, barely sufficient	ein bisschen wenig, etwas zu wenig	984
анк	анк		Abkürzung z.B. автоматизированный номенклатурный каталог	985
лукаво	лука'во		listig, hinterlistig, schlau, verschmitzt	986
механически	механи'чески		mechanisch, maschinell	987
намеренно	наме'ренно		absichtlich, vorsätzlich	988
модно	мо'дно		modisch	989
логически	логи'чески		logisch	990
неумело	неуме'ло		ungewandt, ungeschickt	991
поутру	поутру'	in the morning	in der Frühe, am frühen Morgen	992
пятью	пятью	five times	5 x (in Multiplikationsaufgaben), fünfmal, fünf Mal; Instrumental von пять	993
любовно	любо'вно		liebevoll, zärtlich	994
шутливо	шутли'во		scherzhaft, spaßhaft	995
отрывисто	отры'висто		stammelnd	996
мо	мо		Abkürzung z.B. für муниципальный оокруг	997
мтс	мтс		Abkürzung z.B. für МТС (маши̣нно-тракторная станция)	998
кротко	кро'тко		sanft, mild	999
положительно	положи'тельно	positively, absolutely	positiv	1000
чрезмерно	чрезме'рно		übermäßig, maßlos, äußerst	1001
своевременно	своевре'менно	in time, in proper time, opportunely	rechtzeitig	1002
подо	по'до		unter, für, als zu	1003
жизненно	жи'зненно		lebenswichtig, lebensnah	1004
наотрез	наотре'з	flatly, point-blank	kategorisch	1005
помаленьку	помале'ньку	little by little, so-so	sachte, allmählich	1006
мешалкина	мешалкина		Eigenname	1007
проворно	прово'рно		gewandt	1008
немыслимо	немы'слимо		undenkbar, unglaublich	1009
чудовищно	чудо'вищно		ungeheuer	1010
бишь	бишь	now	sag einmal, (was) eigentlich	1011
чертовски	черто'вски	devilishly	verdammt	1012
политически	полити'чески		politisch	1013
слепо	сле'по	blindly, blindfold	blind	1014
ненароком	ненаро'ком	inadvertently, by accident	zufällig, unabsichtlich	1015
неуютно	неую'тно		ungemütlich	1016
чудесно	чуде'сно		wunderbar, wunderschön, wundervoll, herrlich	1017
напрямик	напрями'к	straight, point-blank	geradeaus, offen, ohne Umschweife	1018
советско	советско		sowjetisch	1019
застенчиво	засте'нчиво		schüchtern, verlegen	1020
резонно	резо'нно		vernünftig, verständig, sinnvoll, begründet	1021
искусно	иску'сно	skilfully	geschickt, gewandt, kunstvoll	1022
мощно	мо'щно		mächtig, gewaltig, stark, leistungsstark	1023
нипочём	нипочём	never, not for the world, dirt-cheap	kinderleicht, ganz einfach; um nichts in der Welt, ganz sicher. nicht; macht gar nichts aus, hat keine Bedeutung; spottbillig	1024
протяжно	протя'жно	in a drawling manner	gedehnt, langgezogen	1025
грузно	гру'зно	heavily	schwerfallig	1026
идеально	идеа'льно		ideal	1027
сим	сим		Eigenname	1028
скептически	скепти'чески		skeptisch, misstrauisch	1029
изящно	изя'щно		fein, elegant; zierlich, graziös	1030
чередниченко	чередниченко		Eigenname	1031
устрой	устрой		siehe устроить	1032
навечно	наве'чно	for ever, for good, in perpetuity	für immer und ewig	1033
вергасов	вергасов		Eigenname	1034
обреченно	обреченно		hoffnungsleer, verurteilt, verdammt	1035
российско	российско		russisch, auf Russland bezogen	1036
обстоятельно	обстоя'тельно	thoroughly, in detail	gründlich, ausführlich	1037
нахально	наха'льно		frech, unverschämt, unverfroren	1038
мерно	ме'рно		rythmisch	1039
дыбенко	дыбенко		Eigenname	1040
поодиночке	поодино'чке	one at a time, one by one	einzeln, einer nach dem anderen	1041
наперебой	наперебо'й	in eager rivalry, vying with each other	sich gegenseitig ins Wort fallend	1042
злорадно	злора'дно		schadenfroh	1043
неудержимо	неудержи'мо		unaufhaltsam, unbändig, unwiderstehlich	1044
галкина	галкина		Eigenname	1045
неодобрительно	неодобри'тельно		missbilligend	1046
впору	впо'ру	just right, one might as well, one can do little more than	genau richtig	1047
незамедлительно	незамедли'тельно	without delay	unverzüglich	1048
чуток	чуто'к		fast, beinahe	1049
резво	ре'зво		lebhaft, lebendig, beweglich, ausgelassen, flink, schnell	1050
исторически	истори'чески		historisch, geschichtlich	1051
простодушно	простоду'шно		treuherzig	1052
хладнокровно	хладнокро'вно	coolly, in cold blood	kaltblütig	1053
вскользь	вскользь	casually	beiläufig, nebenbei, flüchtig	1054
загодя	за'годя	in good time	im Voraus, vorher	1055
уклончиво	укло'нчиво	evasively	ausweichend	1056
завьялов	завьялов		Eigenname	1057
мужественно	му'жественно	with fortitude	mutig, tapfer, mannhaft	1058
карпенко	карпенко		Eigenname	1059
качественно	ка'чественно		qualitativ	1060
грамотно	гра'мотно	correctly, grammatically, competently	fehlerlos, fachmännisch	1061
раис	раис		Vorsitzender	1062
ядовито	ядовито	venomously, maliciously	giftig	1063
свирепо	свире'по		wütend, grausam	1064
ниоткуда	ниотку'да	from nowhere	nirgendwoher, nirgendher	1065
бегло	бе'гло	fluently, superficially, cursorily	fließend, geläufig; flüchtig (schnell, oberflächlich)	1066
мэри	мэри		Eigenname	1067
втрое	втро'е	three times	dreimal, dreifach, um das Dreifache, auf ein Drittel	1068
издавна	и'здавна	long since, since olden times	von jeher, von alters her	1069
почитай	почита'й	almost, nigh on	sollte man denken, ist zu vermuten; fast, beinahe	1070
впустую	впусту'ю	for nothing, to no purpose, in vain	vergebens, unnütz	1071
безмолвно	безмо'лвно		stumm	1072
ново	ново		neu	1073
некрасиво	некраси'во		hässlich	1074
ильинична	ильинична		Eigenname	1075
глухов	глухов		Eigenname	1076
рысью	ры'сью	at a trot	"im Trab; Instrumental singular von ""рысь"""	1077
дугин	ду'гин		Eigenname	1078
нтв	нтв		NTW (Fernsehsender)	1079
наизнанку	наизна'нку	inside out, on the wrong side	verkehrt herum, mit der Innenseite nach außen	1080
типично	типи'чно	Typically	typisch, kennzeichnend, charakteristisch	1081
законно	зако'нно	it is right, it is in accordance with the law, lawfully, legally	gesetzlich, legitim, gesetzeskonform, rechtmäßig, mit Recht	1082
чудно	чу'дно	it is beautiful, wonderfully, beautifully, oddly, strangely	wundervoll, wunderschön, herrlich	1083
доверчиво	дове'рчиво		arglos, gutgläubig, vertrauensselig	1084
проклятье	проклятье	curse	verflucht	1085
наголо	на'голо	bare	kahl	1086
молчаливо	молчали'во	Silently	schweigsam, stillschweigend	1087
неуклонно	неукло'нно	steadily	stetig, unaufhaltsam, konstant	1088
бессознательно	бессозна'тельно	unconsciously, instinctively	besinnungslos, unbewußt	1089
трезво	тре'зво	soberly, sensibly	nüchtern, vernünftig	1090
мутно	мутно		trübe, getrübt, matt, glanzlos	1091
усс	усс		Eigenname	1092
азартно	аза'ртно	recklessly, heatedly, excitedly	leidenschaftlich, heftig, hitzig	1093
неспроста	неспроста'	not without purpose, with some hidden design	nicht von ungefähr, nicht umsonst	1094
краюшкин	краюшкин		Eigenname	1095
смиренно	смире'нно	humbly, with humility, meekly	demütig, gehorsam, brav	1096
блаженно	блаже'нно		selig, wonnig, verzückt, fromm, naiv	1097
сыро	сы'ро	it is damp	feucht, nass; roh	1098
живьём	живьём	alive	lebend, lebendig, bei lebendigem Leib	1099
отдаленно	отдаленно		entlegen, entfernt	1100
булдаков	булдаков		Eigenname	1101
доступно	доступно		zugänglich, erreichbar, erschwinglich	1102
воедино	воеди'но	together	eins, zusammen, gemeinsam	1103
обрадованно	обра'дованно		erfreut	1104
самолично	самоли'чно	oneself, by oneself	persönlich, selbst	1105
туманно	тума'нно	hazily, obscurely, vaguely; foggy	neblig, nebelhaft, unklar, verschwommen	1106
русско	ру'сско		russisch-	1107
беспечно	беспе'чно	light-heartedly, with complete unconcern	sorglos, leichtsinnig	1108
соло	со'ло	solo	Alleinunterhaltung, Selbstbefriedigung	1109
порядочно	поря'дочно	fair amount, fairly, pretty, rather, decently, honestly	anständig, ehrlich, gehörig, ziemlich groß, bedeutend, beträchtlich	1110
вертикально	вертика'льно		senkrecht, vertikal	1111
сумрачно	сумрачно		finster, dunkel, dämmrig, trübe	1112
свежо	свежо'	it is fresh, it is cool, it is chilly, fresh, coolly	frisch, kühl	1113
психически	психи'чески	mentally	psychisch	1114
беспрепятственно	беспрепя'тственно	without difficulty, without hindrance, without obstruction, freely	ungehindert, ungehemmt, frei	1115
длинно	дли'нно		lang	1116
безвозвратно	безвозвра'тно	irretrievably, irrevocably	unwiederbringlich	1117
критически	крити'чески		kritisch	1118
богато	бога'то		reich, reichlich	1119
беззаботно	беззабо'тно	light-heartedly, carelessly	sorglos, sorgenfrei, unbeschwert	1120
рао	рао		Abkürzung z.B. für академия образования	1121
остроумно	остроу'мно		scharfsinnig, geistreich, witzig	1122
повсеместно	повсеме'стно	everywhere	(all)überall, allgemein (anzutreffen), allerorts	1123
утвердительно	утверди'тельно	affirmatively, in the affirmative	bejahend, zustimmend	1124
невыгодно	невы'годно	it is not advantageous, it does not pay, disadvantageously, not to advantage, at a loss	unvorteilhaft, nachteilig	1125
незаконно	незако'нно		ungesetzlich, gesetzwidrig, widerrechtlich	1126
ревниво	ревни'во		eifersüchtig	1127
экономически	экономи'чески		ökonomisch	1128
тетерин	тетерин		Eigenname	1129
бедно	бе'дно		arm, dürftig, karg	1130
ивашов	ивашов		Eigenname	1131
натурально	натура'льно	naturally, of course	natürlich, selbstverständlich	1132
исподволь	и'сподволь	little by little, leisurely, gradually, by degrees	nach und nach, scheibchenweise, unbemerkt	1133
цепко	це'пко		zäh, hartnäckig	1134
уф	уф		uff	1135
всемирно	всеми'рно		weltweit	1136
неотрывно	неотры'вно		unablässig, ununterbrochen, unverwandt, starr	1137
непостижимо	непостижимо		unfaßbar, unbegreiflich	1138
журков	журков		Eigenname	1139
васин	ва'син		Eigenname	1140
косицын	косицын		Eigenname	1141
зорко	зо'рко	vigilantly, with a vigilant eye	scharf, scharfsichtig	1142
неминуемо	немину'емо	inevitably, unavoidably	unvermeidlich, unumgänglich	1143
чинно	чи'нно		schick, klassisch, toll, astrein, cool	1144
дыбом	ды'бом		zu Berge stehen	1145
стыдливо	стыдли'во	diffidently, bashfully, shyly	schamhaft, verschämt, schüchtern	1146
наглядно	нагля'дно	by visual demonstration, visually, graphically, clearly	anschaulich	1147
благодушно	благоду'шно		seelengut, gutmütig	1148
насовсем	насовсе'м	for keeps	für immer	1149
хозяйски	хозя'йски		auf den Hausherrn bezogen	1150
сполна	сполна'	completely, in full	vollständig, vollzählig, ganz, völlig	1151
гениально	гениа'льно		genial	1152
умно	умно'	it is wise, cleverly, wisely, sensibly	klug, vernünftig	1153
всецело	всеце'ло	completely, entirely, wholly, exclusively	ganz, völlig, vollkommen, vollständig	1154
сипло	си'пло		heiser, krächzend	1155
поныне	поны'не	up to the present, until now, till now	bis jetzt, bisher	1156
нечестно	нечестно		unehrlich, unredlich	1157
огарков	огарков		Eigenname	1158
джексон	джексон		Eigenname	1159
вкратце	вкра'тце		kurz, in Kürze	1160
безмерно	безме'рно	infinitely, beyond all measure	maßlos	1161
наравне	наравне'	on a level, equally	auf gleicher Höhe, ebenbürtig	1162
надвое	на'двое	in two, ambiguously	entzwei, in zwei Teile	1163
благородно	благоро'дно	nobly	edel, edelmütig	1164
паче	па'че		mehr, schlechter, schlimmer	1165
подавно	пода'вно	so much the more, all the more	um so mehr, um so weniger	1166
мокро	мо'кро	it is wet	feucht, klamm, nass	1167
поголовно	поголо'вно	one and all	allgemein	1168
вслепую	вслепу'ю	in the dark, blindly	blindlings, aufs Geratewohl	1169
молниеносно	молниено'сно	with lightning speed	blitzschnell	1170
наперерез	наперере'з		den Weg abschneidend, auf Kollisionskurs	1171
духовно	духо'вно		geistig, seelisch	1172
безоговорочно	безогово'рочно	unreservedly, without reserve, unconditionally	bedingungslos, vorbehaltlos	1173
наискосок	наискосо'к	obliquely, slantwise	schräg gegenüber, diagonal	1174
невмоготу	невмоготу'	unbearable, intolerable	unerträglich, nicht zum Aushalten	1175
веско	ве'ско	with authority	gewichtig, schwerwiegend	1176
полтораста	полтора'ста		hundertfünfzig	1177
оперативно	операти'вно		rasch; operativ	1178
безрезультатно	безрезульта'тно	without result, in vain, to no purpose	ergebnislos	1179
душевно	душе'вно		seelisch; herzlich, vertraulich	1180
шахов	ша'хов		siehe шах	1181
немножечко	немно'жечко	a wee bit	etwas, ein ganz klein wenig	1182
гурьянов	гурьянов		Eigenname	1183
высокомерно	высокоме'рно		hochmütig, dünkelhaft, arrogant	1184
доверху	до'верху	up to the top, to the brim	bis oben	1185
боязливо	боязливо		ängstlich	1186
наземь	на'земь	to the ground, down	zu Boden, auf die Erde, auf den Boden	1187
вчетвером	вчетверо'м	four	zu viert, zu vieren	1188
невинно	неви'нно		unschuldig, harmlos	1189
забелин	забелин		Eigenname	1190
монотонно	моното'нно		monoton, eintönig	1191
итого	итого'	in all, altogether, total	insgesamt	1192
накрест	накрест	crosswise	über Kreuz, kreuzweise	1193
ашмарин	ашмарин		Eigenname	1194
несложно	несложно		unkompliziert, einfach	1195
истошно	исто'шно		brüllend, gellend	1196
заживо	за'живо	alive	lebend, lebendig, bei lebendigem Leibe	1197
опрометью	о'прометью	headlong	Hals über Kopf, in grösster Eile	1198
скупо	ску'по	stingily, sparingly	geizig, knauserig, sparsam, karg	1199
сп	сп		Abkürzung zB für СП' (социалистическая партия)	1200
методично	методи'чно		methodisch	1201
неимоверно	неимове'рно		unglaublich, ungeheuer	1202
восвояси	восвоя'си	out of here	heimwärts, heim, nach Hause	1203
навек	наве'к	for ever, for good, for ever and ever	auf ewig, für immer	1204
вдвойне	вдвойне'	double, doubly, particularly, especially	doppelt, zweifach	1205
сдуру	сду'ру	out of foolishness, foolishly	aus lauter Dummheit	1206
всласть	всласть		nach Herzenslust, reichlich	1207
невпопад	невпопа'д	not to the point, out of place, inopportunely	unpassend	1208
чутко	чу'тко	keenly, tactfully	scharf, fein, empfindlich, feinfühlig, entgegenkommend, verständnisvoll, teilnahmsvoll	1209
подло	по'дло	vile	gemein, niederträchtig	1210
сгоряча	сгоряча'	in a fit of temper, in the heat of the moment, rashly	in der Hitze (des Gefechts); im Eifer / unbedacht	1211
победно	побе'дно		Sieges-, siegreich	1212
покойно	поко'йно	quietly	verstorben	1213
зверски	зве'рски	brutally, bestially, awfully, terribly	tierisch, bestialisch	1214
боязно	бо'язно		ängstlich, zum Fürchten	1215
попусту	по'пусту	in vain, to no purpose	umsonst, für nichts und wieder nichts	1216
накрепко	на'крепко	fast, firmly, strictly	fest	1217
надменно	надме'нно		hochmütig, arrogant	1218
кисло	ки'сло	sourly, acidly	sauer	1219
покамест	пока'мест	Meanwhile	einstweilen, vorderhand	1220
величественно	вели'чественно		majestätisch	1221
вчетверо	вче'тверо	four times	vierfach, viermal, um das Vierfache, auf ein Viertel	1222
нещадно	неща'дно	mercilessly	schonungslos, unbarmherzig	1223
наискось	на'искось	obliquely, slantwise	schräg gegenüber, diagonal	1224
немедля	неме'для		unverzüglich, ohne zu zögern	1225
сообща	сообща'	together, jointly	gemeinsam, zusammen	1226
индивидуально	индивидуа'льно		individuell	1227
франциско	франциско		Eigenname	1228
кузьмина	кузьмина		Eigenname	1229
поверху	по'верху	on top	oben, von oben	1230
гринек	гринек		männlicher Vorname	1231
преспокойно	преспоко'йно	very quietly, imperturbably	seelenruhig	1232
завенягин	завенягин		Eigenname	1233
единогласно	единогла'сно	unanimously	einstimmig	1234
элементарно	элемента'рно		elementar, grundlegend	1235
игриво	игри'во		verspielt, spielerisch, kokett, leichtsinnig, übermütig, etwas frivol	1236
мудро	му'дро	Wisely	weise, klug	1237
дерзко	де'рзко		frech; dreist; kühn, verwegen	1238
ирма	ирма		Eigenname	1239
бугреев	бугреев		Eigenname	1240
дословно	досло'вно	literally	wörtlich, buchstäblich	1241
ввысь	ввысь	high into the air	in die Höhe, nach oben, empor	1242
спросонья	спросо'нья	half awake	schlaftrunken, vom Schlaf benommen	1243
наперевес	напереве'с	tilted forwards	waagerecht, im Anschlag	1244
неосторожно	неосторо'жно		unvorsichtig	1245
фальшиво	фальши'во		falsch; gefälscht, unecht	1246
недобро	недобро		schlecht, böse, boshaft, schlimm	1247
воочию	воо'чию	Firsthand	mit eigenen Augen, sonnenklar	1248
плашмя	плашмя	flat, flatways, flatwise, prone	platt, flach	1249
напролёт	напролёт	all the way	(die ganze Zeit) hindurch	1250
беспрекословно	беспрекосло'вно	implicitly, unquestioningly, without demur	unbedingt, unweigerlich, widerspruchslos	1251
эффектно	эффе'ктно		effektvoll, eindrucksvoll	1252
психологически	психологи'чески		psychologisch	1253
поровну	по'ровну	equally	in gleiche Teile; gleichermaßen	1254
толково	толко'во		gescheit, vernünftig, klar, verständlich	1255
предостаточно	предоста'точно		mehr als genug, im Überfluss	1256
досадно	доса'дно	it is a nuisance, it is a pity	ärgerlich, bedauerlich	1257
смачно	сма'чно	with relish	schmackhaft, lecker; kräftig, intensiv, heftig, deftig, saftig	1258
бесцельно	бесце'льно	aimlessly, pointlessly	ziellos	1259
увд	увд		Abkürzung zB für Университет внутренних дел	1260
промеж	проме'ж	between, among	zwischen, mit	1261
горелов	горе'лов		Eigenname	1262
непомерно	непоме'рно	excessively	maßlos, unmäßig	1263
необязательно	необяза'тельно		nicht unbedingt notwendig, unverbindlich	1264
влажно	вла'жно		feucht	1265
еремкин	еремкин		Jerjomkin (Herr J.)	1266
завсегда	завсегда'		jederzeit, Tag und Nacht, immer	1267
ноу	ноу		Abkürzung zB für научное общество учащихся	1268
воздушно	воздушно		luftig, leicht	1269
дос	дос	pill-box	Abkürzung z.B. für долговременное огневое сооружение	1270
бездумно	безду'мно		sorglos	1271
вручную	вручну'ю	by hand	per Hand, in Handarbeit	1272
ощутимо	ощути'мо		fühlbar, wahrnehmbar	1273
давненько	давне'нько	for quite a while	schon ziemlich lange, vor langer Zeit	1274
испокон	испоко'н		seit (jeher)	1275
благосклонно	благоскло'нно	with favour, favourably	wohlwollend, gewogen	1276
вперемежку	впереме'жку	alternately, in turn, turn and turn about	abwechselnd	1277
пугливо	пугливо		scheu, furchtsam	1278
отродясь	отродя'сь		nie, niemals, mein Lebtag nicht	1279
донельзя	доне'льзя	to the utmost, in the extreme	bis zum Gehtnichtmehr, über alle Massen	1280
эк	эк		wie; so; ach so; ach, sieh an	1281
пьяно	пья'но		betrunken, im Stadium der └ Trunkenheit / Volltrunkenheit┘ begangen	1282
преждевременно	преждевре'менно	prematurely	vorzeitig, frühzeitig	1283
книзу	кни'зу	downwards	nach unten	1284
тарасюк	тарасюк		Eigenname	1285
буднично	бу'днично		alltäglich, gewöhnlich	1286
нате	на'те		Nehmen Sie! Greifen Sie zu!	1287
ама	а'ма		Eigenname	1288
сродни	сро'дни	akin, in relationship	verwandt, ähnlich, verwandtschaftlich verbunden	1289
греков	гре'ков		Eigenname	1290
применительно	примени'тельно	conformably, in conformity, as applied	in Bezug auf, bezüglich	1291
баулина	баулина		Eigenname	1292
серегин	серегин		Eigenname	1293
вкупе	вку'пе	together	gemeinsam, zusammen, mit, in holder Eintracht	1294
кирова	ки'рова		Eigenname	1295
неладно	нела'дно		schlecht, mies, ungehörig, unglücklich	1296
вволю	вво'лю	in plenty	sehr gern, nach Herzenslust	1297
навзничь	на'взничь		rücklings, auf den Rücken, auf dem Rücken	1298
умышленно	ум'ышленно	deliberately	absichtlich, vorsätzlich	1299
айда	айда'		oh, ach	1300
физико	физико		physikalisch-, Physik-, physisch, physiko-	1301
заочно	зао'чно	without seeing, by default, by correspondence	in Abwesenheit, im Fernstudium, im Fernunterricht	1302
напоказ	напока'з	for show	zum Schein, zur Schau	1303
досрочно	досро'чно	before the appointed time	vorfristig, vorzeitig, vorgezogen	1304
хищно	хи'щно		räuberisch	1305
внеземной	внеземно'й	extraterrestrial	außerirdisch	1306
растроганно	растроганно		gerührt, ergriffen	1307
вровень	вро'вень	flush, level	in gleicher Höhe, auf einer Höhe, bündig, in einer Ebene	1308
финансово	финансово		in finanzieller Hinsicht	1309
элегантно	элега'нтно		elegant, schick	1310
степенно	степе'нно	gravely	gesetzt, würdevoll	1311
сям	сям		da	1312
парадоксально	парадокса'льно		paradoxerweise	1313
исподтишка	исподтишка'	stealthily, in an underhand way	verstohlen, heimlich	1314
пропадом	про'падом		zum Teufel, weg damit	1315
несчастие	несча'стие		siehe несчастье	1316
трагически	траги'чески	tragically	tragisch	1317
позарез	позаре'з	urgently	dringend, verzweifelt, schrecklich	1318
глумов	глу'мов		Eigenname	1319
отрешенно	отрешенно		zurückgezogen, abgeschieden, isoliert, weltentrückt, gleichgültig, weltfremd, abwesend	1320
картинно	карти'нно		malerisch schön, bildhaft	1321
мерзко	мерзко		abscheulich, scheußlich	1322
амир	ами'р		Amir	1323
раздельно	разде'льно	separately	getrennt	1324
навряд	навря'д	scarcely likely, hardly	kaum	1325
залогин	залогин		Eigenname	1326
примечательно	примеча'тельно		bemerkenswert, beachtenswert	1327
потрясающе	потрясающе		spektakulär, atemberaubend, traumhaft, erschütternd	1328
коржаков	коржаков		Eigenname	1329
впервой	вперво'й	for the first time ever	erstmals	1330
галантно	гала'нтно		galant, liebenswürdig, höflich	1331
тихонечко	тихо'нечко		ganz leise	1332
неустанно	неуста'нно		rastlos, unermüdlich, beständig	1333
напролом	напроло'м		mit dem Kopf durch die Wand, ohne Rücksicht	1334
систематически	системати'чески	systematically, methodically	systematisch	1335
спьяну	спья'ну	in a state of drunkenness	im Suff, im Rausch	1336
недурно	недурно	rather well	nicht übel, nicht schlecht	1337
рабоче	рабоче		Arbeiter-	1338
ежемесячно	ежеме'сячно	monthly, every month	monatlich, jeden Monat	1339
безобразно	безобразно		häßlich, abscheulich, gemein	1340
недорого	недо'рого		nicht teuer, billig, preiswert	1341
понуро	понуро		niedergeschlagen, bedrückt	1342
допоздна	допоздна'	till midnight	bis spät in die Nacht	1343
шестью	шестью	six times	6 x (in Multiplikationsaufgaben), sechsmal, sechs Mal; Instrumental von шесть	1344
круглосуточно	круглосу'точно		auf 24 Stunden bezogen, Tag und Nacht, rund um die Uhr, durchgehend; ganztägig	1345
аминь	ами'нь		Amen; zu Ende, aus, Schluss mit	1346
ганичев	га'ничев		Ganitschew (Herr G.)	1347
жилищно	жилищно		Wohnungs-, Wohn-	1348
досыта	досы'та	to satiety; to satisfaction	richtig satt, bis zum Platzen voll	1349
вспять	вспять		zurück, rückwärts	1350
однофамилец	однофами'лец	person bearing the same surname, namesake	Namensvetter	1351
натужно	натужно		angespannt, mühevoll, mühsam, anstrengend	1352
глядь	глядь		da schau einer an!; siehe da; ehe man sich's versehen hat	1353
экологически	экологи'чески		ökologisch, auf den Umweltschutz bezogen	1354
сокращённо	сокращённо	briefly, in abbreviated form	Kurz-, verkürzt, kürzgefaßt, abgekürzt	1355
притворно	притворно	affectedly, hypocritically	vorgetäuscht, falsch, erheuchelt	1356
доподлинно	допо'длинно	for certain	echt, genau, wirklich, real, tatsächlich	1357
интуитивно	интуити'вно	intuitively, by intuition	intuitiv	1358
радушно	раду'шно	cordially	entgegenkommend, gastfreundlich, gastlich, freundlich	1359
детально	дета'льно	in detail, minutely	im einzelnen	1360
врассыпную	врассыпну'ю	in all directions, helter-skelter	zerstreut, verstreut	1361
несерьезно	несерье'зно		unernst, leichtsinnig, unbedeutend	1362
эге	эге		hehe	1363
безукоризненно	безукори'зненно	impeccably	tadellos, einwandfrei	1364
полугод	полу'год		siehe полгода	1365
складно	скла'дно	well	gewandt, fließend, zusammenhängend	1366
неукоснительно	неукосни'тельно		rigoros, strikt, genau, zwingend	1367
чур	чур		hinweg, weiche, ksch; tabu; pass auf	1368
страшновато	страшнова'то	A bit scary	ein bisschen / ziemlich schaurig / schrecklich	1369
нечасто	неча'сто	not often	selten	1370
национально	национально		national	1371
полукаров	полука'ров		Eigenname	1372
образно	о'бразно	figuratively, graphically	bildlich, bildhaft; bildlich, Bild-; figurenreich, figurenprall, bilderreich, bilderprall	1373
впрок	впрок	for future use, to advantage	auf Vorrat; zum Vorteil, zum Nutzen	1374
стремглав	стремгла'в	headlong	Hals über Kopf, mit Ungestüm	1375
храбро	хра'бро	bravely	tapfer	1376
сломя	сломя		siehe сломить	1377
многовато	многова'то	a bit too much, a bit too thick	ein bisschen viel, relativ viel, etwas zu viel	1378
уместно	уме'стно	it is appropriate, it is not out of place, appropriately, aptly, in place, opportunely	angebracht, passend	1379
пустынно	пусты'нно		wüst, öde, leer	1380
наповал	напова'л	outright, on the spot	auf der Stelle	1381
просторно	просто'рно		geräumig, weit	1382
вскорости	вско'рости		bald, in Bälde	1383
преданно	пре'данно		ergeben, treu	1384
звучно	зву'чно	loudly, sonorously	klangvoll	1385
наслышан	наслы'шан	familiar by hearsay	informiert, auf dem Laufenden	1386
анищенко	ани'щенко		Eigenname	1387
начеку	начеку'	on the alert, on the look-out	auf der Hut, wachsam	1388
преступно	преступно		verbrecherisch	1389
походя	по'ходя	as one goes along, on the march, in passing, in an offhand manner	so nebenbei, so nebenher	1390
позорно	позорно		ätzend, beschissen, belämmert, blöd	1391
мищенко	ми'щенко		Mischtschenko (Herr M.)	1392
подножье	подножье		siehe подножие	1393
добролюбов	добролю'бов		Dobroljubow (Herr D.)	1394
зелено	зе'лено		grün; noch grün (unerfahren, unreif)	1395
наперекор	напереко'р	in defiance of, counter	zum Trotz	1396
бескорыстно	бескоры'стно		uneigennützig, selbstlos	1397
длительно	длительно		lang, langwierig, dauernd	1398
предположительно	предположи'тельно	supposedly, presumably, probably	voraussichtlich, ungefähr, vermutlich	1399
прозрачно	прозрачно		durchsichtig, klar, eindeutig	1400
дотла	дотла'	utterly, completely, to the ground	völlig, vollständig, bis auf den Grund	1401
порывисто	поры'висто		böig, heftig, ungestüm, stürmisch, feurig, impulsiv	1402
диксон	диксон		Dikson (Ortname)	1403
интенсивно	интенси'вно		intensiv	1404
умеренно	уме'ренно		mäßig, gemäßigt, maßvoll, enthaltsam	1405
бесповоротно	бесповоро'тно		unwiderruflich, unabänderlich	1406
взаймы	взаймы'	loan, on loan	leihweise, auf Pump, geborgt, geliehen	1407
баскин	баскин		Eigenname	1408
капризно	капризно		launisch	1409
ошибочно	оши'бочно	by mistake, erroneously	irrtümlich, aus Versehen, versehentlich	1410
страдальчески	страда'льчески		märtyrerhaft	1411
грубовато	грубовато		rauh, barsch, schroff	1412
ахти	ахти'		nicht besonders gut	1413
несравненно	несравне'нно	incomparably, matchlessly, peerlessly, far, by far	unvergleichlich	1414
ау	ау'		hallo, huhu	1415
томно	то'мно	languidly, languorously	schmachtend, zärtlich, träumerisch; matt, müde, kraftlos	1416
бац	бац		bums!, bauz!; plötzlich, spontan	1417
придти	придти'		kommen, ankommen (zu Fuß); gelangen; holen kommen, abholen	1418
набекрень	набекре'нь	aslant, tilted	auf eine Seite geschoben, übers Ohr, schief	1419
свысока	свысока'	in a haughty manner	von oben herab, hochmütig, geringschätzig	1420
шутя	шутя'	in jest, for fun, jokingly, facetiously, easily	scherzen, scherzhaft, zum Spass	1421
настрого	на'строго	strictly	streng	1422
ошалело	ошалело		verrückt, irre	1423
мудрено	мудрено	ingeniously, subtly	knifflig, raffiniert, ausgeklügelt, scharfsinnig, schlau	1424
невдомёк	невдомёк	unaware	nicht wissen, nicht ahnen	1425
примитивно	примити'вно		primitiv	1426
единодушно	единоду'шно	unanimously, by common consent, as one man	einhellig, einmütig	1427
сладостно	сладостно		wonnig, süß	1428
взаимно	взаи'мно	mutually, reciprocally	gegenseitig, beiderseitig; reziprok; gleichfalls (als Adverb); ganz meinerseits (als Adverb, bei gegenseitiger Vorstellung)	1429
церемонно	церемо'нно		zeremoniell, feierlich, festlich	1430
распутина	распу'тина		Eigenname	1431
безопасно	безопа'сно	it is safe, safely	sicher, geschützt; ungefährlich, gefahrlos, unschädlich	1432
чу	чу		hör mal, horch!	1433
превыше	превы'ше		über	1434
безупречно	безупре'чно	perfect, flawless, impeccable	einwandfrei, tadellos, makellos	1435
немудрено	немудрено	no wonder, small wonder	kein Wunder	1436
люб	люб		ganz doll lieb, von Herzen teuer, sehr recht, wohlgefällig, sagt zu (gefällt)	1437
березкин	березкин		Eigenname	1438
грешно	грешно	it is a sin	sündhaft	1439
мертвенно	мертвенно		leblos, totenähnlich, leichenblass, fahl, abgestorben, lebensfern	1440
безучастно	безуча'стно	apathetically, with indifference	unbeteiligt, teilnahmslos, gleichgültig, unberührt, keinen Anteil nehmend	1441
налегке	налегке'	without luggage, lightly clad	leicht gekleidet, ohne Gepäck	1442
пышно	пышно		üppig, buschig, bauschig, füllig, prachtvoll, prunkvoll	1443
подлинно	по'длинно	really	original, echt, wahr, wirklich, wahrhaft	1444
громогласно	громогласно	loud, in a loud voice, openly, publicly	donnernd, lautstark	1445
нежданно	нежданно	unexpectedly	unerwartet, unverhofft	1446
отечески	оте'чески		väterlich	1447
ммм	ммм		mmmh!	1448
токмо	то'кмо		allein, bloß, lediglich, hingegen	1449
наименее	наиме'нее	least	am wenigsten	1450
инкогнито	инко'гнито	incognito	inkognito	1451
визгливо	визгли'во	shrilly	kreischend	1452
цыц	цыц		Ruhe!; Halt's Maul!	1453
технически	техни'чески		technisch	1454
огорченно	огорченно		traurig, betrübt	1455
фурункул	фуру'нкул	furuncle, boil	Furunkel	1456
попеременно	попереме'нно	in turn, by turns, alternately	abwechselnd	1457
крадучись	кра'дучись	stealthily	verstohlen	1458
споро	споро		flott, fix, schnell; geschickt, wendig, gekonnt	1459
нимало	нима'ло	not in the least, not at all	gar nicht, nicht im geringsten, überhaupt nicht	1460
трудновато	труднова'то	it is not easy	etwas zu schwierig, kompliziert	1461
неровно	неро'вно		uneben, holprig; ungerade / unregelmäßig	1462
ободряюще	ободря'юще		erfrischend, ermunternd	1463
впопыхах	впопыха'х	in a hurry, hastily, hurry-scurry	in grösster Eile, ausser Atem	1464
ака	ака		alias	1465
гнусно	гну'сно		gemein, fies	1466
наутёк	наутёк		über alle Berge	1467
кроваво	крова'во		blutig, blutrot	1468
четырежды	четы'режды	four times	4 x (in Multiplikationsaufgaben); viermal, vier Mal, vierfach	1469
тактично	такти'чно	tactfully, with tact	taktvoll	1470
вперемешку	впереме'шку	pell-mell, higgledy-piggledy, in a jumble	durcheinander	1471
молодо	мо'лодо		jung	1472
стихийно	стихи'йно	spontaneously	elementar	1473
цап	цап		fix geschnappt, eins zwei drei und weg damit	1474
понемножку	понемно'жку	little, a little at a time, little by little	ein wenig, allmählich, nach und nach	1475
скрытно	скры'тно		verschlossen, zurückhaltend	1476
корректно	корре'ктно		korrekt	1477
свойски	свойски		verbunden, aufgeschlossen	1478
историко	историко		geschichts-, historisch	1479
лестно	лестно		schmeichelhaft, ehrenvoll	1480
наперегонки	наперегонки'	competing in speed, racing one another	um die Wette (laufen)	1481
терпимо	терпимо	tolerantly, tolerably	tolerant, duldsam, erträglich, leidlich	1482
трусливо	трусливо	apprehensively	feige	1483
вприпрыжку	вприпры'жку	skipping, hopping	hüpfend	1484
письменно	пи'сьменно	in writing, in written form	schriftlich	1485
стойко	сто'йко		stabil, standhaft, widerstandsfähig, fest	1486
воровато	воровато		diebisch, verschlagen, schelmisch; verstohlen, vorsichtig	1487
потихонечку	потихо'нечку		gemütlich, langsam, allmählich, schrittweise, nach und nach, in aller Gemütsruhe; ganz leise, mucksmäuschenstill, für sich; heimlich, still und leise, in aller Stille, im Stillen, verstohlen, klammheimlich	1488
томительно	томительно	it is wearisome	quälend, ermüdend, zermürbend, belastend, plagend, drückend	1489
цинично	цини'чно		zynisch	1490
сносно	сно'сно	tolerably, so-so, pretty well	leidlich, erträglich	1491
нудно	нудно		langweilig, fade	1492
вкось	вкось	obliquely, slantwise, aslant	schief, schräg	1493
неоткуда	не'откуда	from nowhere	nirgendwoher	1494
незримо	незримо		unsichtbar	1495
затемно	за'темно	before dawn, before daybreak, after dark	in der Finsternis / Dämmerung; noch vor Tagesanbruch, in aller Frühe / Herrgottsfrühe; erst bei Einbruch der Nacht, schon in der Dämmerung	1496
нешто	не'што		etwa, wirklich, tatsächlich	1497
убито	уби'то		getötet, ermordet, tot; erschlagen, down, ausgepowert, fertig, am Boden	1498
бездарно	безда'рно	without any show of talent	talentlos, geistlos, stümperhaft	1499
биологически	биологи'чески		biologisch	1500
понаслышке	понаслы'шке	by hearsay	vom Hörensagen	1501
трепетно	трепетно		zitternd, scheu, ängstlich, bebend, leidenschaftlich, flackernd	1502
наотмашь	нао'тмашь	with the back of your hand; over the top; overgesticularily	mit vollem Schwung, weit ausholend, mit aller Wucht (von einem Wurf oder Schlag)	1503
задаром	зада'ром		umsonst, vergeblich, vergebens	1504
контрольно	контро'льно		Kontroll-	1505
метко	ме'тко	neatly, to the point	treffsicher, sicher, scharf (im Sinne „Scharfschütze“), wohlgezielt; treffend, passend (Ausdruck, Vergleich)	1506
изумительно	изумительно	amazingly, wonderfully	erstaunlich, verblüffend, überraschend, außergewöhnlich, wunderbar, wunderschön, staunenswert	1507
ненамного	ненамно'го		um wenig, etwas, ein bisschen	1508
прилежно	приле'жно	diligently, industriously, assiduously, studiously	fleißig, tüchtig	1509
недвижно	недвижно		unbeweglich, starr, fest	1510
десятью	десятью	ten times	10 x (in Multiplikationsaufgaben); Instrumental von десять	1511
призывно	призывно		bittend, rufend	1512
заблаговременно	заблаговре'менно	in advance, early, in good time, ahead of time	rechtzeitig; im Voraus, von vornherein	1513
литературно	литературно		literarisch; hochsprachlich	1514
вослед	вослед		nach, in unmittelbarer Folge, auf ... folgend, hinterher	1515
всесторонне	всесторо'нне	comprehensively, thoroughly, closely, in detail, all around	allseitig	1516
воинственно	воинственно		kriegerisch, kämpferisch, angriffslustig, kampfeslustig, aggressiv	1517
насилу	наси'лу	with difficulty, hardly	mit Müh und Not, mit knapper Not, mit Hängen und Würgen	1518
фи	фи		pfui	1519
эка	эка		ach, sieh an	1520
посмертно	посме'ртно	posthumously	nach dem Tode, postum	1521
недопустимо	недопустимо		unstatthaft, unzulässig, sträflich	1522
китайски	кита'йски		chinesisch	1523
успокаивающе	успокаивающе		beruhigend	1524
паф	паф		paff, piff, puff; peng	1525
золотисто	золоти'сто		golden schimmernd, golden glänzend, goldfarben, goldgelb, goldig, goldgetönt	1526
смолоду	смоло'ду		von Kindesbeinen an, von jungen Jaaren an	1527
художественно	худо'жественно	artistically	künstlerisch, auf ein Kunstwerk bezogen, als Kunstwerk; schöngeistig	1528
постольку	посто'льку	in so far as, inasmuch as	in dem Maße	1529
бол	бол		-ball	1530
железно	железно	without fail	eisern	1531
несмело	несмело		schüchtern, feige, verängstigt	1532
ничегошеньки	ничего'шеньки	nothing at all, not a thing	ganz und gar nichts, nicht die Bohne	1533
любя	любя'		liebestrunken; liebevoll	1534
предательски	преда'тельски		verräterisch; trügerisch, tückisch	1535
навеселе	навеселе'	one over the eight	angeheitert, fröhlich, beschwipst, mit einem in der Krone, leicht im Tran, unter Strom, angetrunken, angetütert	1536
отрадно	отрадно		erfreulich, schön; erfreulich, schön, froh stimmend	1537
административно	административно		administrativ; auf die └ Verwaltung / Administration┘ bezogen, auf dem	1538
горбачевы	горбачевы			1539
буде	буде		sollte denn, falls tatsächlich	1540
народно	народно		Volks-, Folklore- Das russische наро̣дно- gehört zu den präfixähnlichen Elementen. Ein Paradigma für наро̣дно- zu zeigen ist nicht	1541
аппетитно	аппетитно		appetitlich, lecker	1542
жутковато	жутковато		schaurig	1543
сдавленно	сдавленно		zerdrückt, zerquetscht; unterdrückt, gequetscht, gepresst, zusammengepresst	1544
сяк	сяк		so	1545
неуместно	неуместно		Unangemessenheit, Unangebrachtheit, Verfehltheit, └ unpassender / deplazierter┘ Charakter	1546
солнечно	со'лнечно		sonnig; solar	1547
равносильно	равносильно		gleichwertig, gleichbedeutend, identisch	1548
тридевять	тридевять		27 (3 x 9); fern, ganz weit entfernt, hinter sieben Bergen (in adverbieller Verwendung in Märchen usw., vgl. den Verweis auf die angegebene Wendung)	1549
безвозмездно	безвозме'здно	gratis, free of charge	unentgeltlich, gebührenfrei, nicht rückzahlbar, ohne Entgelt	1550
врозь	врозь	separately, apart	getrennt	1551
безболезненно	безболе'зненно		schmerzlos, schmerzfrei, sanft	1552
тягостно	тягостно		lästig, peinlich	1553
произвольно	произво'льно	at will, arbitrarily	frei, absichtlich	1554
гоп	гоп		hopp, hops, schwups	1555
роскошно	роско'шно	luxuriously, sumptuously	prachtvoll, prunkvoll, prächtig, üppig, luxuriös	1556
вовнутрь	вовну'трь		nach innen, nach innen hinein	1557
популярно	популярно		bekannt, populär, angesehen, in Mode, verbreitet	1558
ничтожно	ничто'жно	insignificant, miniscule, negligibly, pathetically	winzig, mickrig, klein, nicht der Rede wert, jämmerlich	1559
порознь	по'рознь	separately, apart	getrennt, abgesondert, einzeln	1560
легально	лега'льно		legal, legitim	1561
местно	местно		örtlich, lokal, hiesig, regional, ... der Region	1562
ату	ату		hetz!, hussa!, jag ihn!	1563
англо	англо		englisch-, England-	1564
голодно	го'лодно	hungry	hungrig	1565
нереально	нереа'льно		irreal, unrealistisch; unwirklich	1566
буйно	буйно		stürmisch, ungestüm, wild, toll, unbändig, turbulent, zügellos; kühn, verwegen	1567
включительно	включи'тельно	inclusive	inklusive, einschließlich	1568
молчком	молчком		absolut ruhig, mit keinem Wörtchen	1569
взаправду	взапра'вду	really, in truth, indeed	echt, ohne Mist, wirklich, ehrlich, tatsächlich	1570
сызнова	сызнова	anew, afresh	von Neuem, erneut, aufs Neue, von Anfang an	1571
зычно	зычно		schallend	1572
потерянно	потерянно		verloren	1573
отменно	отме'нно		ausgezeichnet, hervorragend, sehr gut	1574
виртуозно	виртуо'зно		virtuos, meisterhaft	1575
надсадно	надсадно		angespannt, verkrampft, überspannt	1576
идейно	идейно		ideologisch	1577
прелестно	преле'стно	lovely, adorably	entzückend	1578
отважно	отва'жно		kühn, mutig, verwegen, unerschrocken; tapfer	1579
напропалую	напропалу'ю	recklessly, desperately	ohne Rücksicht auf Verluste, wie es gerade kommt	1580
лаконично	лакони'чно		lakonisch	1581
сочно	со'чно		saftig, kräftig	1582
плоско	пло'ско		flach, platt	1583
рьяно	рья'но	with zeal, zealously	eifrig	1584
гринев	гринев		Eigenname	1585
всяко	вся'ко		jedes, alles, alles nur Mögliche	1586
единожды	еди'ножды	once only, on one occasion only	1 x ( in Multiplikationsaufgaben); einmal, ein (einziges) Mal, einstmals, einst	1587
пополудни	пополу'дни	in the afternoon, post meridiem	nachmittags, am Nachmittag	1588
женски	женски		siehe женский	1589
кунцево	ку'нцево		Eigenname	1590
подчистую	подчисту'ю	without remainder	komplett, restlos, ganz und gar	1591
векшин	ве'кшин		Eigenname	1592
ужо	ужо'	later, by and by	später einmal	1593
шукшина	шу'кшина		Eigenname	1594
нечисто	нечи'сто		unsauber, unrein, nicht koscher	1595
радикально	радика'льно		radikal	1596
насильственно	наси'льственно		gewaltsam	1597
жирно	жи'рно	fatly, greasily	fett, fettig, fetthaltig	1598
вдумчиво	вдумчиво		ernsthaft, tief	1599
рожденье	рожде'нье		siehe рождение	1600
шу	шу		Bänderbukett; wisper; raschel; husch!; puh!; Schu (Herr S.)	1601
гадко	га'дко	naughty	ekelhaft, garstig, abscheulich, widerlich	1602
ритмично	ритмично		rhythmisch	1603
величаво	велича'во		majestätisch, erhaben	1604
люто	люто		Heftig	1605
напористо	напористо		energisch, druckvoll	1606
вольготно	вольго'тно	in freedom	locker, sorglos, unbekümmert	1607
бдительно	бдительно		wachsam	1608
ниц	ниц		kopfüber	1609
коваленко	ковале'нко		Eigenname	1610
неплотно	непло'тно	not closely, not tightly	undicht	1611
абхазски	абха'зски		abchasisch	1612
панченко	панченко		Eigenname	1613
скоренько	ско'ренько		ziemlich bald, ziemlich schnell	1614
потенциально	потенциа'льно		potenziell	1615
утомительно	утомительно	tiresomely, wearisomely	ermüdend, anstrengend	1616
поделом	поделом		nur recht, geschieht dir ganz recht, nur gerecht, verdient, mit Recht (von einer Strafe)	1617
невысоко	невы'соко		nicht hoch, niedrig, nicht groß, klein, mäßig, erschwinglich	1618
помногу	помно'гу	in plenty	viel	1619
зримо	зримо		sichtbar, erkennbar	1620
наружно	нару'жно	outwardly	äusserlich, aussen	1621
неточно	неточно		ungenau	1622
устно	у'стно	orally, verbally, by word of mouth	mündlich	1623
субъективно	субъективно		subjektiv	1624
гулько	гулько'		Eigenname	1625
нетвёрдо	нетвёрдо	not firmly, not for certain	unsicher, schwank, wankelmütig, nachgiebig, instabil	1626
белоусенко	белоу'сенко		Eigenname	1627
биг	биг		Rille; Big	1628
вразнобой	вразнобо'й	discordantly	uneins, nicht abgestimmt	1629
безбожно	безбо'жно		glaubenslos, weltlich, gottlos, gewissenlos	1630
хвать	хвать		unversehens, hast du nicht gesehn; schnapp, schwups, pack; da fiel ihm plötzlich wieder ein	1631
безраздельно	безраздельно	undividedly, completely, whole-heartedly	ungeteilt, vollständig	1632
дотоле	дото'ле	until then, hitherto	bis damals, damals	1633
сказочно	сказочно	dreamy; fabulously	märchenhaft; wie im Märchen	1634
ленэнерго	ленэнерго		Eigenname	1635
неслыханно	неслыханно		unerhört	1636
постыдно	постыдно		schändlich, schmachvoll	1637
спозаранку	спозаранку	very early	in aller Herrgottsfrühe, in aller Frühe, frühmorgens, früh	1638
информационно	информацио'нно		auf eine Information bezogen	1639
утомленно	утомле'нно		müde, matt, abgespannt	1640
политико	поли'тико		politisch-, Politik-	1641
хоп	хоп		hopp, hops, schwups	1642
грациозно	грацио'зно	gracefully	graziös, voller Grazie	1643
вброд	вброд		eine Furt benutzend	1644
натощак	натоща'к	on an empty stomach	auf nüchternen Magen	1645
занятно	занятно		amüsant, interessant	1646
театрально	театра'льно		theatralisch	1647
вдосталь	вдо'сталь		reichlich, vollauf, zur Genüge	1648
каменье	каменье		siehe каменья	1649
бесстыдно	бессты'дно		schamlos, unverschämt	1650
вхолостую	вхолосту'ю		unnütz, ins Leere; im Leerlauf, leer (ohne Last), nicht unter Last; leer (nicht beladen), ungeladen	1651
одинёшенек	одинёшенек	quite alone	ganz allein, ganz einsam	1652
завидно	зави'дно	envy	beneidenswert	1653
едко	едко		ätzend, beißend, brennend, schneidend, kaustisch	1654
учебно	учебно		Lehr-, Ausbildungs-	1655
судебно	суде'бно		gerichtlich	1656
второпях	второпя'х	hastily, in haste, hurriedly	in der Eile	1657
документально	документа'льно		dokumentarisch	1658
пра	пра		Ur-, Vor-; Pra (Flussname)	1659
скрупулезно	скрупулезно		peinlich genau, äußerst akkurat, penibel, skrupulös (dt. alt)	1660
бестактно	бестактно		taktlos	1661
невпроворот	невпроворот	a lot, a great deal	im Überfluss, zum Ersticken viel, dass man den Kopf nicht wenden kann	1662
праздно	праздно	idly	müßig, leer, untätig	1663
удрученно	удрученно		niedergeschlagen, bedrückt	1664
уголовно	уголо'вно		auf das Kriminalrecht / Strafrecht bezogen, kriminell, strafrechtlich	1665
засветло	за'светло	before nightfall, before dark	noch bei Tageslicht, vor Anbruch der Dunkelheit	1666
взаперти	взаперти	locked up, under lock and key, in seclusion	hinter Schloss und Riegel, verschlossen, eingesperrt	1667
красочно	красочно		farbenprächtig, farbenfroh, malerisch	1668
адекватно	адеква'тно		ausreichend, angemessen, adäquat	1669
творчески	тво'рчески		schöpferisch, kreativ	1670
заслуженно	заслу'женно	deservedly	verdient	1671
вскачь	вскачь	at a gallop, full gallop	im Galopp	1672
снежно	сне'жно		schneebedeckt, schneereich	1673
настороже	настороже		wachsam, auf der Hut	1674
развязно	развя'зно		vorlaut, flegelhaft, frech, dreist	1675
абы	абы	provided that, as long as	nur um zu, Hauptsache man erreicht etwas	1676
синхронно	синхро'нно	synchronously	synchron, simultan, gleichzeitig	1677
осознанно	осо'знанно		bewusst, absichtlich	1678
филькин	филькин		Filkin (Herr F.)	1679
скользко	ско'льзко	slippery	es ist glatt	1680
иронично	ирони'чно		ironisch	1681
ежечасно	ежеча'сно	hourly, every hour	stündlich	1682
двадцатью	двадцатью		20 x (in Multiplikationsaufgaben)	1683
пропорционально	пропорциона'льно	in proportion	proportioniert, wohlproportioniert, harmonisch, ausgewogen; proportional, verhältnisgleich	1684
солдатски	солда'тски		Soldaten-	1685
германо	герма'но		germano-, Germano-, deutsch-, Deutschen-	1686
неразумно	неразумно		unverständig, unvernünftig	1687
тета	те'та		Theta (als achter Buchstabe des griechischen Alphabets)	1688
сытно	сытно	well	sättigend, nahrhaft, reichlich	1689
польски	по'льски		polnisch	1690
невтерпёж	невтерпёж	unbearable, intolerable	nicht zum Aushalten, unerträglich, übermächtig, unheimlich	1691
толсто	толсто		dick, füllig; stark (vom Umfang)	1692
баста	баста	stop; that' s enough	basta, Punktum, genug, es reicht, und Schluss	1693
негаданно	негаданно		unerwartet, unvorhergesehen, plötzlich	1694
докрасна	докрасна'		bis zur Rotglut	1695
очертя	очертя'		frei übersetzt: umreißen, skizzieren, entwerfen	1696
узко	у'зко	narrowly, tightly	schmal, eng, zu eng	1697
людно	людно		belebt, dicht bevölkert	1698
деланно	де'ланно		gespielt, aufgesetzt, vorgespielt	1699
вширь	вширь	in breadth	in die Breite, breit	1700
наперво	на'перво		zuerst	1701
односложно	односложно	monosyllabically	einsilbig, aus einer Silbe bestehend	1702
денно	де'нно		tags, tagsüber	1703
талантливо	тала'нтливо	ably, finely	talentiert, begabt	1704
истерично	истерично		hysterisch	1705
вовек	вове'к	for ever, never	auf ewig, für immer; niemals	1706
всенародно	всенаро'дно	publicly	das ganze Volk └ betreffend / erfassend┘	1707
похвально	похвально		lobend, lobenswert, löblich, hervorhebenswert	1708
инженерно	инженерно		technisch, ingenieurtechnisch, Pionier-, auf die Pioniere bezogen	1709
хозяйственно	хозяйственно		auf die Wirtschaft bezogen; auf den Haushalt bezogen; haushälterisch, sparsam; herrisch	1710
незаслуженно	незаслу'женно	undeservedly, wrongly	unverdient, unverdienterweise	1711
суховато	суховато		ziemlich └ trocken / dürr┘	1712
иже	и'же		das I (Buchstabe des altrussischen / kirchenslawischen Alphabets); die Zwanzig (als Ziffer / Zahlenwert in der Glagoliza); die Acht (als Ziffer / Zahlenwert in der Kyrilliza); welche, die, selbige, nämliche	1713
всмятку	всмя'тку		weich gekocht	1714
униженно	униженно		erniedrigt, demutsvoll	1715
замыкающий	замыкающий		schließend, verschließend, abschließend, zusperrend; Schlussmann, Letzter, Schließender; Schlusslicht (einer Reihe); schließend	1716
темновато	темновато		└ ein bisschen / ziemlich┘ └ finster / dunkel┘	1717
кряду	кря'ду		nacheinander, aufeinander folgend	1718
нощно	но'щно		Nacht, nachts, nächtens, die ganze Nacht	1719
идиотски	идио'тски		idiotisch, völlig bescheuert, hirnverbrannt	1720
задарма	задарма'		für ein Butterbrot	1721
наизготовку	наизгото'вку		fertig, in Anschlag (von einer Waffe)	1722
навытяжку	навытяжку		stramm	1723
предо	пре'до		vor	1724
музыкально	музыкально		musikalisch; melodiös	1725
наклонясь	наклоня'сь		gebeugt, hinuntergebeugt	1726
доколе	доко'ле	until, as long as	wie lange, so lange, solange, so weit, soweit, bis wann	1727
пли	пли		Feuer!	1728
дорожно	дорожно		Strassen-, Verkehrs-	1729
надрывно	надрывно		hysterisch, krampfhaft	1730
визави	визави'	opposite, facing, vis-a-vis, the person facing	das Gegenüber	1731
дымно	дымно		rauchig, dunstig, neblig	1732
каменно	ка'менно		bombenfest, ganz sicher, ohne jedes Gefühl	1733
японски	япо'нски		japanisch	1734
полбеды	полбеды	half the trouble, a small loss	halb so schlimm, nicht so schlimm, kein großes Unglück, Kummer sein kleinster	1735
зеркально	зеркально		auf einen Spiegel bezogen; spiegelglatt, spiegelblank, spiegelnd; spiegelverkehrt, seitenverkehrt, seitenvertauscht	1736
нагишом	нагишо'м	stark naked	nackt, splitternackt	1737
коллективно	коллекти'вно	collectively	kollektiv, gemeinschaftlich	1738
пристойно	пристойно		anständig, den └ Umgangsformen / Konventionen┘ entsprechend	1739
мелодично	мелодично		wohlklingend, melodisch, melodiös	1740
вполуха	вполу'ха		mit halbem Ohr	1741
бэби	бэби	Baby	Baby	1742
живописно	живописно		malerisch	1743
осмысленно	осмысленно		sinnvoll, vernünftig, verständig	1744
минимально	минима'льно		Mindest-, minimal	1745
серовато	серова'то		gräulich	1746
натянуто	натянуто		gespannt, gezwungen	1747
сиречь	си'речь		das heisst, anders gesagt, nämlich	1748
весомо	весо'мо		gewichtig, bedeutsam	1749
впросак	впроса'к		dumm (dumm dastehen)	1750
дюже	дю'же		kräftig, stark, baumstark, bärenstark, hünenhaft	1751
премного	премно'го	very much, extremely	überaus viel	1752
классно	кла'ссно		klasse	1753
желчно	желчно		gallig, bitter, gallebitter; gehässig, voller Gift und Galle	1754
гречески	гре'чески		auf griechisch (nur in Verbindung mit  по-)	1755
генетически	генети'чески		genetisch	1756
ляп	ляп		peng, krach, wumm	1757
дивно	ди'вно	marvellously, wonderfully	wundervoll, wunderbar, wunderschön	1758
сообразно	сообра'зно		gemäß	1759
пыльно	пыльно	it is dusty	staubig, bestaubt	1760
гибко	гибко	flexibly	flexibel; biegsam, geschmeidig, gelenkig	1761
спросонок	спросо'нок	being only half-awake	schlaftrunken, vom Schlaf benommen	1762
задушевно	задуше'вно		innig, offenherzig, vertraulich	1763
васькин	васьки'н		Waskin (Herr W.)	1764
десятеро	де'сятеро	ten	zehn, zu zehnt	1765
немецко	неме'цко		deutsch-	1766
броском	броско'м	with one throw	werfend, durch einen Wurf; durch schnellen Vormarsch, in schnellem Vormarsch	1767
органично	органи'чно		organisch, charakteristisch, harmonisch	1768
впятером	впятеро'м	five	zu fünft	1769
шикалов	шика'лов		Schikalow (Herr S.)	1770
попарно	попа'рно	in pairs	paarweise, je zu zweit	1771
квашнин	квашни'н		Eigenname	1772
кудимов	куди'мов		Eigenname	1773
объятье	объя'тье		siehe объятие	1774
нескоро	неско'ро		langsam, gemächlich	1775
касательно	каса'тельно	concerning	bezüglich / betreffend, hinsichtlich; * tangential, berührend	1776
промышленно	промышленно		industriell	1777
дыханье	дыханье		siehe дыхание	1778
мимолетно	мимолетно		flüchtig	1779
вразвалочку	вразва'лочку		watschelnd, hin und her schaukelnd, sich wiegend, wiegend (Gang); gemächlich, beschaulich; bequem (sitzen, liegen)	1780
каре	каре'	square	Karree, Viereck, Quadrat; viereckiger Ausschnitt (eines Kleides)	1781
наново	на'ново	anew	erneut, von Neuem	1782
эврика	э'врика		heureka	1783
стабильно	стаби'льно		stabil	1784
негласно	негла'сно		nicht öffentlich, geheim, inoffiziell	1785
навыпуск	навы'пуск		heraushängend, lose getragen	1786
пашкин	па'шкин		Eigenname	1787
вкривь	вкривь	aslant, wrongly, perversely	krumm, schief	1788
благоприятно	благоприя'тно		günstig, förderlich; positiv	1789
впритык	вприты'к	very close, just, barely	sehr dicht, aufeinander folgend, in unmittelbarer Folge; nahtlos; stumpf aneinander liegend, auf Stoß	1790
дробно	дробно		auf einen Bruch bezogen; untergliedert, gebrochen, nach Teilen gegliedert; fein, klein; detailliert; auf Schrot bezogen; rhythmisch hämmernd	1791
средне	сре'дне	middling, so-so	mittlerer; durchschnittlich	1792
брысь	брысь	scat	verschwinde	1793
умильно	умильно		liebreizend, anmutig, liebenswert, niedlich, süß; schmeichelnd, einschmeichelnd, anbiedernd	1794
добротно	добротно		gut, haltbar, gediegen	1795
знамо	зна'мо		bekanntlich	1796
пылко	пылко		feurig, heftig, flammend, leidenschaftlich	1797
эстонски	эсто'нски		estnisch	1798
задорно	задо'рно		frech, kess, übermütig, spitzbübig	1799
ветрено	ве'трено	it is windy, frivolously	windig, stürmisch; leichtsinnig, leichtfertig	1800
близоруко	близору'ко		kurzsichtig (sehgeschädigt, nicht perspektivisch denkend)	1801
суеверно	суеверно		abergläubisch	1802
намедни	наме'дни	the other day, lately	neulich, letztlich, dieser Tage, vorige Woche; gegenwärtig, aktuell, zur Zeit	1803
нескладно	нескладно	clumsily, awkwardly	ungereimt, unzusammenhängend, ungefüge, plump	1804
вчистую	вчисту'ю	finally	total, absolut, endgültig	1805
интеллектуально	интеллектуально		intellektuell; intelligent	1806
разверзшись	разве'рзшись		siehe разверзнуться	1807
беспредельно	беспредельно		grenzenlos, nicht └ beschränkt / begrenzt┘; intolerabel, nicht mehr hinnehmbar, vollkommen inakzeptabel, unverschämt, maßlos	1808
щекотно	щеко'тно	it tickles	kribblig, kitzlig, ktabblig	1809
либерально	либера'льно		liberal; allzu └ nachsichtig / großzügig / tolerant	1810
впроголодь	впро'голодь	half-starving	hungernd, bettelarm	1811
дотошно	дото'шно		akribisch, äußerst genau, exakt, pedantisch	1812
видеозапись	видеоза'пись	videotape recording	Bildaufzeichnung	1813
санитарно	санитарно		sanitär-, Heil-, Kur-, Therapie-, Gesundungs-	1814
хлопотливо	хлопотли'во		geschäftig, betriebsam, wuselig, aktiv, umtriebig, rastlos	1815
шикарно	шикарно	smartly	luxuriös	1816
издревле	издре'вле	of yore, from of old, since olden days	von alters her, seit eh und je	1817
ходко	хо'дко		gängig, stark gefragt, verbreitet, gebräuchlich	1818
донченко	до'нченко		Eigenname	1819
вразвалку	вразва'лку		watschelnd, hin und her schaukelnd, sich wiegend, wiegend (Gang); gemächlich, beschaulich; bequem (sitzen, liegen)	1820
нарасхват	нарасхва'т		reißend (reißender Absatz)	1821
немо	немо		stumm	1822
экспериментально	эксперимента'льно		└ als / im┘ └ Versuch / Experiment┘, experimentell	1823
дремотно	дремотно		schläfrig, schlapp, schlaff	1824
пестро	пестро'		bunt, buntfarbig	1825
востро	во'стро		scharf, spitz, scharfsinnig; auf dem Quivive, wachsam	1826
сыто	сыто		satt, gesättigt; wohl genährt	1827
интимно	инти'мно		intim, vertraut, innig	1828
слаженно	слаженно		harmonisch, abgestimmt	1829
лечебно	лече'бно		Behandungs-, Therapie-	1830
муторно	му'торно		unangenehm, widerwärtig	1831
урывками	уры'вками	in snatches, by fits and starts	zwischendurch, in der Zwischenzeit	1832
вполовину	вполови'ну	half	um die Hälfte, zur Hälfte, halb	1833
ракетно	раке'тно		Raketen-	1834
коварно	коварно		tückisch, heimtückisch, hinterlistig	1835
почетно	почетно		ehrenvoll, ehrenhaft, in allen Ehren Das graduierbare почётно gehört zu den komparierbaren	1836
поимённо	поимённо	by name	namentlich	1837
ответно	ответно		als Antwort, im Gegenzug	1838
вразрез	вразре'з	counter to, contrary to	zuwider, gegen	1839
медико	медико		Medizin-, Sanitär-, Ärzte-, medizinisch-	1840
отвесно	отве'сно	plumb, sheer	senkrecht, steif, steil	1841
долгов	долго'в		Eigenname	1842
математически	математи'чески		mathematisch	1843
лафа	лафа'		geil, prima, Klasse; Zustand der Glückseligkeit, glückselig, wonnig	1844
царственно	царственно		majestätisch, würdevoll, gravitätisch, stolz; auf den └ Kaiser / Zaren┘ bezogen	1845
шустро	шу'стро		flink, fix, behände, keck, findig	1846
доходчиво	дохо'дчиво		fasslich, verständlich, begreifbar, eingängig, deutlich, unmissverständlich, klar	1847
ущелие	уще'лие		siehe ущелье	1848
обалдело	обалде'ло		verrückt, wirr; verdutzt, verdattert	1849
комфортно	комфо'ртно		luxuriös, komfortabel, bequem, mit allen Bequemlichkeiten ausgestattet; behaglich, └ das └ Wohlgefühl / Wohlfühlen┘ / die Wellness┘ befördernd; günstig, zweckmäßig, sinnvoll	1850
планомерно	планоме'рно	systematically, regularly, according to plan	planmäßig, planvoll, systematisch	1851
особливо	особли'во		besonderer, eigener, eigenartiger, Sonder-	1852
эвон	эвон		da, dort (verweisend); ach, iwo (Überraschung bzw. Widerspruch)	1853
связно	связно		zusammenhängend, logisch, harmonisch, sinnvoll; bündig, bindig	1854
посерёдке	посерёдке		drinne, in der Mitte, drinnen	1855
старчески	ста'рчески		wie ein └ alter Mann / Alter / Greis┘, greisenhaft	1856
голо	го'ло		nackt, bloß, entblößt; kahl; rein	1857
опрятно	опря'тно		sauber, ordentlich, proper, adrett, heimelig	1858
обыденно	обы'денно		alltäglich, gewöhnlich, profan	1859
втихую	втиху'ю		insgeheim, unbemerkt; heimlich, still und leise, sang- und klanglos	1860
романтично	романти'чно		romantisch	1861
насухо	на'сухо	dry	ganz trocken (wischen usw.)	1862
анфас	анфа'с	full face	von vorn, mit dem Gesicht zugewandt, en face; En-face-Aufnahme, En-face-Bild	1863
наобум	наобу'м	at random	aufs Geratewohl, auf gut Glück	1864
сторицей	стори'цей		im Übermass, hundertfach	1865
пожизненно	пожи'зненно		lebenslänglich, auf Lebenszeit	1866
головчинер	головчине'р		Eigenname	1867
беня	беня		Eigenname	1868
кэтрин	кэ'трин		Eigenname	1869
крыто	крыто		bedeckt, überdacht	1870
зачарованно	зачарованно		verzaubert	1871
благотворно	благотво'рно	beneficially	wohltuend, heilsam	1872
тпру	тпру		brr, hott	1873
конфиденциально	конфиденциа'льно	in confidence, confidentially	konfidentiell, vertraulich	1874
отсюдова	отсю'дова		von hier	1875
плоховато	плохова'то		nicht so gut	1876
неравномерно	неравноме'рно		ungleichmäßig	1877
предпочтительно	предпочти'тельно	rather, preferably, in preference	vorzugsweise, bevorzugt	1878
безуглов	безу'глов		Eigenname	1879
организованно	организованно	in an organized way	gut organisiert, geregelt, geordnet, planmäßig, organisiert, diszipliniert	1880
подкожно	подко'жно		subkutan	1881
благожелательно	благожела'тельно	with kindness, favourably	wohlwollend, gutgesinnt	1882
наощупь	нао'щупь		per Berühung, durch Tasten, durch Anfassen	1883
паршиво	парши'во		gemein, miserabel, fies	1884
сванидзе	сванидзе		Eigennahmen	1885
пугающе	пуга'юще	scary	Furcht einflössend, Besorgnis erregend	1886
нестройно	нестройно	dissonantly, discordantly	disharmonisch	1887
прощально	прощально		Abschieds-	1888
горбунов	горбу'нов		siehe: горбун	1889
ориентировочно	ориентировочно	approximately, as a guide	ungefähr, annähernd	1890
обоего	обо'его		Ableitung zu обой	1891
втуне	вту'не	in vain	unbeachtet, ungeachtet, zwecklos, sinnlos	1892
привольно	приво'льно		frei, ungezwungen, weit, unermesslich	1893
феноменально	феномена'льно		phänomenal, hervorragend	1894
восьмеро	во'сьмеро	eight	acht; zu acht	1895
кишмя	кишмя'		brodelnd, wimmelnd	1896
сызмальства	сы'змальства		von Kindesbeinen, von klein auf	1897
понизу	по'низу	low, along the ground, close to the ground	unten	1898
скудно	скудно		spärlich, dûrftig	1899
костин	ко'стин		Eigenname	1900
прошкин	про'шкин		Eigenname	1901
корниенко	корние'нко		Eigenname	1902
поздновато	позднова'то	too late	ein wenig zu spät, ziemlich spät	1903
посереди	посереди'		inmitten	1904
фикс	фикс		fix	1905
хлопотно	хло'потно		umständlich, mühevoll, schwierig	1906
единолично	единоли'чно		vereinzelt	1907
исконно	иско'нно		ursprünglich, angestammt	1908
пущино	пу'щино		Eigenname	1909
невкусно	невку'сно		nicht besonders schmeckenf, schlecht schmeckend	1910
наудачу	науда'чу	on the off-chance	aufs Geratewohl, auf gut Glück	1911
негосударственный	негосуда'рственный	non-state	nicht-staatlich	1912
благостно	бла'гостно		gnädig, gütig	1913
волобуев	волобу'ев		Eigenname	1914
ложно	ло'жно		falsch, unwahr	1915
губерман	губерман		Eigenname	1916
электронно	электро'нно	electronically	Elektronen-	1917
припеваючи	припева'ючи	like kings, dreamlike	herrlich und in Freuden, in Saus und Braus	1918
клейменов	клейменов		Eigenname	1919
давыдовна	давы'довна		Eigenname	1920
химически	хими'чески		chemisch	1921
никандров	ника'ндров		Eigennamen	1922
разнообразно	разнообра'зно		verschiedenartig, vielfältig, abwechslungsreich	1923
кузмич	кузми'ч		Eigennamen	1924
балахонцев	балахонцев			1925
хлестко	хлестко		treffend, spitz, scharf, pointiert; angriffslustig, bissig	1926
подспудно	подспу'дно		hintergründig	1927
аморально	амора'льно		unmoralisch	1928
рохлина	ро'хлина		Eigenname	1929
актуально	актуа'льно		aktuell	1930
ея	ея'		"Genitiv von ""она"""	1931
заведеев	заведе'ев		Eigenname	1932
бордо	бордо'	claret, Bordeaux, wine-coloured	weinrot	1933
инвест	инвест		Invest-, Investitions-	1934
спонтанно	спонта'нно		spontan, freiwillig, von sich aus	1935
спилберг	спи'лберг		Eigenname	1936
божески	бо'жески		göttlich (nur in Verbingung mit  по-)	1937
абатуров	абатуров		Eigenname	1938
ответственно	отве'тственно		verantwortlich, verantwortungsvoll	1939
добычин	добы'чин		Eigenname	1940
кучно	ку'чно		geschlossen, konzentriert	1941
навыворот	навы'ворот	inside out, wrong side out, the wrong way round	verkehrt herum, falsch herum	1942
алешкин	алешкин		Eigenname	1943
метафорический	метафори'ческий	metaphorical, figurative	metaphorisch, bildlich	1944
безвинно	безви'нно	guiltlessly, without guilt	unschuldig	1945
бессвязно	бессвя'зно		zusammenhanglos, unzusammenhängend	1946
вкруг	вкруг		ringsherum	1947
оземь	о'земь	to the ground, down	auf den Boden, zu Boden, auf die Erde	1948
висла	висла		die Weichsel (Wisla); Präteritum feminin singular von виснуть	1949
михайлюк	михайлю'к		Eigenname	1950
верняк	верня'к		todsicher; haut hin, genau	1951
шпагин	шпа'гин		Eigenname	1952
чаво	чаво'		häh?, wie bitte?, was?, wozu?, weshalb?, wieso denn nur?, warum denn bloß?; FAQ, häufig gestellte Fragen (FAQ)	1953
рекордно	рекордно		auf einen Rekord / ein Spitzenergebnis / Topresultat / eine Höchstleistung bezogen, noch nie dagewesen	1954
украински	украи'нски		ukrainisch	1955
всенепременно	всенепреме'нно		unbedingt, unabdingbar; zweifellos, jedenfalls, selbstverständlich, völlig richtig / korrekt	1956
мяу	мя'у		miau	1957
любимова	люби'мова		Eigenname	1958
виль	виль		Eigenname	1959
емельянова	емелья'нова		Eigenname	1960
посейчас	посейча'с		bis jetzt	1961
промтовары	промтовары	manufactured goods	Industriewaren, Industriegüter	1962
жалостно	жалостно		kläglich, rührend, jämmerlich, jammervoll, mitfühlend	1963
яко	я'ко		wie, ebenso wie, als, als wie, gleichsam	1964
исправительно	исправительно		Korrektur-, Verbesserungs-, Erziehungs-, Straf-	1965
негативно	негати'вно		negativ	1966
то	то	then	dann (folglich, so); das; mal, bald	1967
всё	всё	always, all the time, the whole time, still, only, all, all the same, however, nevertheless	alles; sämtlich; immer, die ganze Zeit, fortwährend, dauernd	1968
его	его'	"genetive of ""he""; genetive of ""it"""	"Genitiv von ""он""; Genitiv von ""оно"""	1969
её	её	"genetive of ""she"""	"Genitiv von ""она"""	1970
их	их	their, them	"Genitiv und Akkusativ von ""они""; Präpositiv von ""они"": immer ""них""; ihr, ihre"	1971
какой-то	како'й-то	some, a, a kind of, something like	irgendein	1972
что-то	что'-то	something, somehow, it looks as if	irgendwas, irgendetwas	1973
больше	бо'льше	bigger, larger, greater, more	mehr, über / darüber (hinaus); besser; größer	1974
нужно	ну'жно	it is necessary, must, one should, one ought, you should, you ought, should	brauchen, nötig sein; müssen, jemandem (Dativ) ein Bedürfnis sein	1975
кто-то	кто'-то	somebody	irgendwer, jemand, irgend jemand	1976
рядом	ря'дом	near, next to, side by side, beside, by, next, next door	neben, nebeneinander, nebenan; nah, in der Nähe	1977
из-за	из-за	because of, due to; from, from behind	wegen, durch, aus, vor	1978
всё-таки	всё-таки	for all that, still, nevertheless, all the same, however	trotzdem, doch, dennoch, gleichwohl, immerhin	1979
как-то	ка'к-то	somehow, one day, that is, how	irgendwie, auf irgendeine Weise, einmal, einst, neulich; und zwar, insbesondere, als da wären	1980
всего	всего'	in all, only	im ganzen, insgesamt; erst	1981
какой-нибудь	како'й-нибудь	some, some kind of, any, about	irgendein, beliebig	1982
необходимо	необходи'мо	it is necessary	es ist nötig, es ist notwendig	1983
известно	изве'стно	it is known	bekannt	1984
дома	до'ма	at home	zu Hause	1985
что-нибудь	что'-нибудь	anything, something	etwas	1986
почему-то	почему'-то	for some reason	aus irgendeinem Grund	1987
где-то	где'-то	somewhere, anywhere	irgendwo	1988
лучше	лу'чше	better, it is better	besser, lieber	1989
когда-то	когда'-то	once, formerly	einst (zu jener Zeit); (irgendwann) einmal	1990
давай	дава'й	let us	Los!, lass uns...	1991
пожалуй	пожа'луй	perhaps, very likely, may, I think	vielleicht, meinetwegen; wohl, (vermutlich, wahrscheinlich)	1992
во-первых	во-пе'рвых	first, first of all, in the first place, for one thing, firstly	erstens	1993
лично	ли'чно	personally	persönlich, selbst	1994
из-под	и'з-под	from under; out of; from	unter ... hervor; aus der Nähe von; für ... gedacht, für ... bestimmt	1995
кто-нибудь	кто'-нибудь	somebody, someone, anybody, anyone	jemand, irgendwer	1996
по-прежнему	по-пре'жнему	as before, as usual	immer noch, nach wie vor	1997
скажем	ска'жем		zum Beispiel, sagen wir, etwa, ungefähr, vielleicht	1998
во-вторых	во-вторы'х	secondly	zweitens	1999
б	б		ob (auch als Funktionswort zur Kennzeichnung des Konjunktivs)	2000
куда-то	куда'-то	somewhere, anywhere	irgendwohin	2001
какой-либо	како'й-либо		(irgend) einer	2002
похоже	похо'же	probably; it seems	ähnlich; anscheinend, wie es aussieht	2003
чего	чего'	what	was	2004
жаль	жаль	it is a pity	schade	2005
неизвестно	неизве'стно	it is not known	es ist unbekannt, es ist nicht bekannt	2006
стыдно	сты'дно	it is a shame	es ist eine Schande	2007
кое-что	кое-что'	something, a little	einiges, irgendwas, etwas	2008
когда-нибудь	когда'-нибудь	some time, some day, ever	irgendwann, (schon) einmal; jemals, je	2009
вернее	верне'е	or rather	genauer gesagt, vielmehr, beziehungsweise; richtig gesagt, richtiger	2010
по-видимому	по-ви'димому	apparently, to all appearance, evidently, obviously	anscheinend, augenscheinlich, offenbar, offensichtlich	2011
по-настоящему	по-настоя'щему	in the right way, properly; really	wie es sich gehört, tatsächlich, wirklich, in der Tat	2012
словом	сло'вом	in a nutshell, in a word	mit einem Wort, kurzum	2013
угодно	уго'дно	wanted, needed; any	angenehm, gefällig, passend	2014
взаимоотношения	взаимоотношения		Beziehungen	2015
вот-вот	вот-во'т	just on the point, just about	gleich, ganz bald, sofort, demnächst; genau, eben, wie ich └ gesagt / vermutet┘ habe	2016
себе	себе'		sich, mir, uns, dir, euch	2017
вообще-то	вообще'-то	actually	eigentlich	2018
по-русски	по-ру'сски	in Russian, Russian	russisch, Russisch, auf russisch, in russisch	2019
наряду	наряду'	alongside	neben, mit	2020
эх	эх	eh, oh	ach, oh	2021
чуть-чуть	чуть-чу'ть	extremely a little bit	ein (klein) wenig	2022
совместно	совме'стно	in common, jointly, in conference	gemeinsam, zusammen	2023
где-нибудь	где'-нибудь	somewhere, anywhere	irgendwo	2024
слабо	слабо	faintly, feebly, weakly, bad, poorly	schwach, leise, schlecht; locker, lose	2025
следом	сле'дом	immediately	hinterher	2026
по-другому	по-друго'му	differently	anders	2027
такой-то	тако'й-то	so-and-so, such person, such-and-such	der und der	2028
по-своему	по-сво'ему		auf seine Art, auf seine Weise	2029
максимально	максима'льно	at most, as much as possible	maximal, größtmöglich	2030
что-либо	что'-либо	anything, something	etwas	2031
торопливо	торопли'во	hurriedly, hastily, in haste	eilig, hastig	2032
родные	родны'е	relatives, kin, loved ones	die Verwandten	2033
по-разному	по-ра'зному	differently, in different ways	verschieden, auf verschiedene Weise	2034
как-нибудь	ка'к-нибудь	somehow, anyhow, some time	irgendwie, auf irgendeine Weise, flüchtig, nachlässig, einmal, gelegentlich	2035
откуда-то	отку'да-то	from somewhere	irgendwoher	2036
тем	тем	the, so much the	umso, um so; dadurch, daran, damit	2037
разом	ра'зом	at the same time, together, at once, at one go	sofort, auf einmal	2038
дабы	дабы	in order, in order that he, may	um zu, damit	2039
старательно	стара'тельно	with application, with assiduity, studiously, assiduously, with diligence, diligently, zealously	sorgfältig, fleißig, gewissenhaft	2040
э	э		ebenda; Oe (Oersted, Maßeinheit)	2041
толком	то'лком	plainly, clearly, seriously, earnestly	verständlich, klar, verstehbar, vernünftig; ausführlich, eingehend	2042
пускай	пуска'й		wenn auch, möge, soll, mag auch	2043
куда-нибудь	куда'-нибу'дь	somewhere, anywhere	irgendwohin	2044
сё	сё	this	jenes, dieses, das	2045
а-а	а'-а		ah, ach, oh, hehe	2046
ну-ка	ну'-ка	now, come on; well let's see	na, los, also dann, denn wolln wir mal	2047
эффективно	эффекти'вно		effektiv, wirksam	2048
тут-то	ту'т-то		eben hier	2049
бывало	быва'ло	would	mitunter, früher, bisweilen	2050
в-третьих	в-тре'тьих	thirdly, in the third place	drittens	2051
кое-как	ко'е-ка'к	muddle, sloppy, haphazardly, pell-mell, with difficulty	mit Mühe und Not, schlecht und recht, nachlässig	2052
временно	вре'менно	temporarily, provisionally	zeitweilig	2053
кое-кто	кое-кто'	somebody, some people	dieser und jener, mancher	2054
так-то	та'к-то	so	soundso	2055
коли	ко'ли	if	wenn, falls	2056
опять-таки	опя'ть-таки	but again, besides, and what is more, again	schon wieder	2057
да-да	да-да'		jaja, schon gut	2058
неправильно	непра'вильно	wrong, irregularly, incorrectly, erroneously, mis-	falsch, nicht richtig; nicht regelkonform, unsachgemäß	2059
неторопливо	неторопли'во		gemächlich, langsam, bedächtig, ruhig	2060
первое	пе'рвое	first course	erster Gang; Vorspeise, erster Gang, Entree/Entrée; Vorsuppe; der Erste (eines Monats als Datumsangabe); das Erste (in einer Reihe)	2061
зачем-то	заче'м-то		aus irgendeinem Grunde	2062
шёпотом	шёпотом	in a whisper	im Flüsterton	2063
желательно	жела'тельно	it is advisable, it is useful (+infinitive or чтобы); one wants (+ dative of agent)	wünschenswert, erwünscht, gewollt, erstrebenswert	2064
даром	да'ром	for nothing, gratis, free, for next to nothing, for a trifle, for a song, in vain, to no purpose	umsonst / vergebens, vergeblich; gratis / unentgeltlich	2065
безнадежно	безнадежно		hoffnungslos	2066
кое-где	кое-где'	here and there	hier und da, irgendwo	2067
по-английски	по-англи'йски	In English	englisch, in / auf Englisch	2068
машинально	машина'льно	mechanically, absent-mindedly	automatisch, reflexartig, mechanisch	2069
необыкновенно	необыкнове'нно	unusually, uncommonly	ungewöhnlich, merkwürdig, außergewöhnlich, außerordentlich	2070
давным-давно	давны'м-давно'	very long ago, long long ago, ages ago	schon sehr lange, seit langem, seit sehr langer Zeit, seit Olims Zeiten, von Anno Tobak, von Anfang an, vor (undenklichen / langen) Zeiten, vor langer / undenklicher Zeit	2071
кто-либо	кто'-либо	somebody, someone, anybody, anyone	jemand	2072
коль	коль		wenn, falls, allzumal, weil	2073
неуверенно	неуве'ренно		unsicher, fahrig, unentschlossen	2074
э-э	э-э		äh	2075
пресс-служба	пресс-слу'жба	Press office, press center	Pressedienst, Abteilung für Öffentlichkeitsarbeit	2076
бегом	бего'м	at a run, running, at the double, double-quick	laufend, laufenderweise, rennenderweise, im (gestreckten) Galopp; im Lauf, im Laufschritt	2077
нетерпеливо	нетерпели'во	impatiently	ungeduldig	2078
тот-то	то'т-то		eben jener	2079
деловито	делови'то		sachlich, geschäftsfähig, geschäftig	2080
военно-морской	вое'нно-морско'й	naval	Marine-	2081
снисходительно	снисходи'тельно	indulgently, leniently, condescendingly	nachsichtig, herablassend, hochmütig	2082
по-человечески	по-челове'чески		wie es sich gehört, wie es └ sein muss / zu sein hat / normal ist┘, wie unter └ zivilisierten / normalen┘ Menschen, anständig, normal, ordentlich	2083
раздраженно	раздраже'нно		gereizt, verärgert	2084
ей-богу	ей-бо'гу		ernstlich, ehrlich, tatsächlich, wirklich, Ehrenwort, in der Tat	2085
презрительно	презри'тельно		verächtlich, verachtend	2086
нет-нет	не'т-не'т		doch nein, aber nein, ach nein, nun lieber doch nicht, i bewahre, wo denken Sie hin	2087
только-только	то'лько-то'лько		gerade eben erst; kaum, gerade noch	2088
туда-сюда	туда'-сюда'	hither and thither, it will do, it is passable, it will pass muster; back and forth	hin und her	2089
отчего-то	отчего'-то		aus irgendeinem Grunde	2090
прямо-таки	пря'мо-таки		geradezu, regelrecht, rundwegs heraus, mir nichts, dir nichts	2091
лихорадочно	лихора'дочно		fiebrig/fieberig; fieberhaft	2092
ан	ан	on the contrary	und da; ach wo	2093
по-новому	по-но'вому	in a new fashion	auf neue Art, neu	2094
чудом	чу'дом	miraculously	durch Wunder	2095
блестяще	блестя'ще	brilliantly	glänzend	2096
то-то	то'-то	how	eben, na also, geht doch; eben dies	2097
брезгливо	брезгли'во		voller Ekel / Abscheu, abstoßend, widerwärtig, angewidert; mäklig, etepetete, wählerisch	2098
сколько-нибудь	ско'лько-нибудь	any	soundso viel; etwas, irgendetwas, irgendein	2099
всего-то	всего'-то		gerade mal, bloß	2100
генерал-майор	генера'л-майо'р	major-general, Major-General	Generalmajor	2101
тогда-то	тогда'-то		dann und dann	2102
беспомощно	беспо'мощно		hilflos, ratlos, unbeholfen	2103
вольно	вольно'	freely, at ease	ungebunden, frei	2104
косвенно	ко'свенно		indirekt, vermittelt	2105
купля-продажа	ку'пля-прода'жа		Kauf und Verkauf, Handel, Negoziation (dt. alt)	2106
малое	ма'лое		wenig, Weniges, klein, Kleines, Kleinigkeit	2107
недоуменно	недоуме'нно		erstaunt, verlegen, bestürzt	2108
неудивительно	неудиви'тельно	not surprisingly	nicht erstaunlich, nicht überraschend	2109
по-французски	по-францу'зски		französisch, └ in / auf┘ Französisch	2110
как-никак	как-ника'к	after all	einigermassen	2111
безжалостно	безжа'лостно	merciless	erbarmungslos, unbarmherzig	2112
когда-либо	когда'-либо	ever, some time, some day	jemals, je; irgendwann	2113
невыносимо	невыноси'мо	unbearably, unsufferably	unerträglich	2114
почтительно	почти'тельно		ehrerbietig, respektvoll	2115
сосредоточенно	сосредото'ченно	with concentration	konzentriert, gesammelt, aufmerksam	2116
ну-ну	ну-ну'	well-well, there-there	Ja ja	2117
по-немецки	по-неме'цки		deutsch, Deutsch, auf Deutsch, in Deutsch	2118
принято	при'нято	it is accepted, it is usual	üblich, gebräuchlich	2119
многозначительно	многозначи'тельно	significantly, with meaning	bedeutungsvoll, vielsagend	2120
просто-напросто	про'сто-на'просто	simply	einfach, ganz einfach, schlicht und einfach, schlichtweg	2121
слышь	слышь	say	horch, pass mal auf, hör mal; wohl, wahrscheinlich	2122
удовлетворённо	удовлетворённо	with satisfaction	zufrieden, erfüllt, befriedigt	2123
целесообразно	целесообра'зно		zweckmäßig, zweckdienlich, zweckentsprechend, sinnvoll, zielgerecht, adäquat, zielführend	2124
безошибочно	безоши'бочно		fehlerfrei	2125
инстинктивно	инстинкти'вно		instinktiv, instinktmäßig, intuitiv, unwillkürlich, unterbewusst, unbewusst	2126
неслышно	неслы'шно		unhörbar, lautlos, geräuschlos, kaum vernehmlich / vernehmbar	2127
невозмутимо	невозмути'мо		unbewegt, ungerührt, dickfellig; gelassen, unerschütterlich, gefasst, unbeeindruckt	2128
по-детски	по-де'тски		kindlich, auf kindliche Art	2129
щас	щас	right now	jetzt, sofort, augenblicklich	2130
верхом	верхо'м	astride, on horseback, to the brim, brim-full	zu Pferd	2131
неопределенно	неопределенно		unbestimmt; ungewiss, vage	2132
нибудь	нибудь		irgend, „... auch immer“, „... es auch sei“	2133
материально-технический	материа'льно-техни'ческий		materielltechnisch	2134
первоочередной	первоочередно'й	first and foremost, immediate	vordringlich, vorrangig, der allerwichtigste	2135
по-хорошему	по-хоро'шему		gütlich	2136
укоризненно	укори'зненно		vorwurfsvoll	2137
выразительно	вырази'тельно		ausdrucksvoll, vielsagend, bedeutungsvoll	2138
еле-еле	е'ле-е'ле	hardly, barely	mit knapper Not	2139
более-менее	более-менее	more or less	mehr oder weniger	2140
кое	кое		wo, was, welcher	2141
общественно-политический	обще'ственно-полити'ческий	social and political	gesellschaftlich-politisch, gesellschaftspolitisch	2142
угрожающе	угрожа'юще	threateningly, menacingly	drohend, bedrohlich	2143
криво	кри'во	crookedly, awry	schief, krumm	2144
неведомо	неве'домо		unbekannt	2145
ха-ха	ха-ха'		haha	2146
шо	шо		das; was	2147
всего-навсего	всего'-на'всего		nur, gerade mal, bloß, alles in allem	2148
возмущенно	возмущенно		empört	2149
мечтательно	мечта'тельно		träumerisch, schwärmerisch	2150
по-иному	по-ино'му	differently, in a different way	anders, auf andere Art und Weise, anderer Zugang	2151
дак	дак		eben, doch, genau	2152
нерешительно	нереши'тельно	irresolute	unentschlossen, unschlüssig, unsicher	2153
уважительно	уважи'тельно		zu respektieren, anzuerkennen, stichhaltig, einleuchtend, wichtig, triftig, plausibel; achtungsvoll, höflich, ehrfürchtig, wertschätzend; vertrauensvoll; zu respektieren, anzuerkennen, stichhaltig, einleuchtend, wichtig, triftig, plausibel	2154
аналогично	аналоги'чно		analog, gleichartig, ähnlich	2155
иронически	ирони'чески		ironisch (bei Fachtermini)	2156
кардинально	кардина'льно		kardinal, einschneidend	2157
непроизвольно	непроизво'льно		unwillkürlich	2158
благодарно	благода'рно		dankbar	2159
порой	поро'й	at times, now and then	manchmal, bisweilen, hin und wieder	2160
эмоционально	эмоциона'льно		emotional	2161
возбужденно	возбужденно		aufgeregt, erregt	2162
доверительно	довери'тельно		vertraulich, vertrauensvoll, innig	2163
положено	поло'жено		ausgemacht, angebracht, vereinbart, zustehend	2164
прямиком	прямико'м	straight	schnurstracks	2165
пуще	пу'ще		grösser, mehr, stärker, schlimmer	2166
непривычно	непривы'чно		ungewohnt, ungewöhnlich	2167
раньше	ра'ньше	before	früher, eher, vor, vorher, einst, ehemals	2168
свято	свя'то	piously	heilig, hoch und heilig	2169
чего-то	чего'-то	something	etwas	2170
бойко	бо'йко	smartly	lebhaft, flink, fix, gewandt, findig, belebt, rege	2171
восхищенно	восхищенно		begeistert	2172
сокрушенно	сокрушенно		vernichtet, am Boden zerstört	2173
браво	бра'во	bravo	wacker, martialisch	2174
вдохновенно	вдохнове'нно	inspiredly, with enthusiasm, enthusiastically	begeistert	2175
да-а	да-а		ja, tja	2176
дружелюбно	дружелю'бно		freundlich	2177
подсознательно	подсозна'тельно		unterbewusst; unterschwellig	2178
несправедливо	несправедли'во		ungerecht, ungerechterweise	2179
сколько-то	ско'лько-то		soundso viel	2180
битком	битко'м		vollgekracht, bis obenhin vollgestopft, bis zum Bersten gefüllt	2181
мало-помалу	ма'ло-пома'лу	little by little, bit by bit, gradually, by slow degrees	nach und nach, allmählich	2182
мигом	ми'гом	in a flash, in a jiffy	im Nu	2183
член-корреспондент	чле'н-корреспонде'нт	corresponding member, Corresponding Member	korrespondierendes Mitglied	2184
безропотно	безро'потно	without a murmur	ohne zu murren	2185
бен	бен		Eigenname	2186
бесцеремонно	бесцеремо'нно	without ceremony, in a free and easy manner, with undue familiarity	rücksichtslos, ungeniert, dreist	2187
катастрофически	катастрофи'чески		katastrophal	2188
неумолимо	неумоли'мо		unerbittlich	2189
по-нашему	по-на'шему	as we think, in, according to, our opinion, to our way of thinking, as we would wish, as we would have it, as we advise, according to our custom	unserer Meinung nach; wie wir es für richtig halten, wie wir es wollen	2190
трогательно	тро'гательно	it is touching, touchingly, movingly, pathetically	rührend, bewegend	2191
здравствуйте	здра'вствуйте	hello	Hallo (formell), Guten Tag	2192
опасливо	опа'сливо		vorsichtig, misstrauisch, zögerlich, zaghaft, furchtsam, schreckhaft	2193
увлечённо	увлечённо	with enthusiasm, with animation	leidenschaftlich, interessiert, hingerissen, hingebungsvoll	2194
хо	хо		hoho	2195
буль-буль	буль-буль		gluck gluck	2196
допустим	допу'стим	let us assume	angenommen	2197
м	м		Milli-; m (Meter); m, hm, mh	2198
непринуждённо	непринуждённо	without embarrassment, unconstrainedly	ungezwungen, zwanglos	2199
потому-то	потому'-то		eben deswegen	2200
счас	счас		jetzt	2201
не-ет	не-ет		nein nein	2202
неизмеримо	неизмери'мо	immeasurably	unvergleichlich, deutlich, bedeutend, um ein Vielfaches	2203
ок	ок		okay	2204
разочарованно	разочаро'ванно	with disappointment, disappointedly	enttäuscht	2205
агропромышленный	агропромы'шленный	agroindustrial	Agrarindustrie-	2206
мало-мальски	ма'ло-ма'льски	in the slightest degree, to the slightest extent	einigermaßen	2207
неистово	неи'стово	furiously, violently	rasend, wütend, ungestüm	2208
неразрывно	неразры'вно		untrennbar	2209
по-моему	по-мо'ему	in my opinon	meines Erachtens, meiner Meinung nach	2210
по-вашему	по-ва'шему	in your opinion, as you would have it	so, wie ihr es wünscht, wie Sie es wünschen	2211
столько-то	сто'лько-то		soundso oft	2212
целенаправленно	целенапра'вленно		fokussiert, zielstrebig, gezielt, zielgerichtet	2213
вэ	вэ		w (Benennung des lateinischen Buchstabens)	2214
довольно-таки	дово'льно-таки'	quite, somewhat	ziemlich, immerhin	2215
здрасте	здра'сте	Short form of здравствуйте	Abkürzung здравствуйте	2216
зловеще	злове'ще		unheilschwer, unheilverkündend	2217
незначительно	незначи'тельно		unbedeutend, geringfügig, unwesentlich, gering	2218
там-то	та'м-то		eben da, irgendwo dort, an diesem Platz	2219
в-четвёртых	в-четвёртых	fourthly, in the fourth place	viertens	2220
далеко-далеко	далеко'-далеко'		ganz weit (entfernt / weg)	2221
законодательно	законода'тельно		gesetzgebend, Gesetzgebunds-	2222
имхо	имхо'		IMHO	2223
о-о	о-о'		oh je, ach je, au weia	2224
совестно	со'вестно		peinlich, unangenehm, wofür man sich schämen muss	2225
торжествующе	торжеству'юще		triumphierend, feiernd, siegreich	2226
динамично	динами'чно		dynamisch	2227
какой-никакой	како'й-никако'й		egal was für ein, Hauptsache dass überhaupt ein	2228
навалом	нава'лом	in bulk, a lot of	haufenweise, einfach so hingehauen, in grossen Haufen	2229
положим	поло'жим	let us assume	angenommen, meinetwegen	2230
порядком	поря'дком	pretty, rather, a good deal, properly, thoroughly	ziemlich, ordentlich, tüchtig, recht	2231
по-старому	по-ста'рому	as before, as of old	beim alten, wie früher, wie bisher	2232
самозабвенно	самозабве'нно		selbstvergessen, selbstlos	2233
беспрестанно	беспреста'нно	continually, incessantly	unaufhörlich	2234
вкрадчиво	вкра'дчиво	insinuatingly, ingratiatingly	einschmeichelnd	2235
давай-ка	давай-ка		na nun mal los, lass uns doch; reich mal	2236
недвусмысленно	недвусмы'сленно		unzweideutig	2237
предусмотрительно	предусмотри'тельно		umsichtig, vorsichtig, bedacht, vorsorglich, achtsam	2238
пренебрежительно	пренебрежи'тельно		geringschätzig, verächtlich, nachlässig	2239
проникновенно	проникнове'нно		innig, eindringlich, erfüllt von, durchdrungen, durch und durch; anrührend, berührend, zu Herzen gehend, gefühlvoll	2240
суетливо	суетли'во		geschäftig, hastig, hecktisch	2241
безмятежно	безмяте'жно	serenely, quietly	ruhig, friedlich, sorglos	2242
безнаказанно	безнака'занно	with impunity	ungestraft, straflos	2243
бесстрашно	бесстра'шно		furchtlos, unerschrocken, kühn	2244
доброжелательно	доброжела'тельно		wohlwollend	2245
легкомысленно	легкомы'сленно	lightly, thoughtlessly, flippantly	leichtsinnig	2246
оглушительно	оглуши'тельно		betäubend, dröhnend	2247
по-хозяйски	по-хозя'йски	thriftily, wisely	sparsam, bedacht, umsichtig; rational, sachlich; herrenhaft	2248
умоляюще	умоля'юще		bittend, flehend, beschwörend	2249
философски	филосо'фски	philosophically	philosophisch	2250
чей-нибудь	че'й-нибудь		jemandes	2251
агрессивно	агресси'вно		aggressiv	2252
взад-вперед	взад-вперед		hin und her, auf und ab, vor und zurück	2253
гармонично	гармони'чно		harmonisch, wohlklingend	2254
досадливо	доса'дливо		verärgert, verdrießlich	2255
катин	катин		Katin (Herr K.); Katjas, Katja gehörend	2256
кокетливо	коке'тливо		kokett	2257
красноречиво	красноречи'во		beredt, redegewandt, ausdrucksvoll	2258
неправдоподобно	неправдоподо'бно		unwahrscheinlich	2259
очень-очень	о'чень-очень		ganz sehr, sehr sehr	2260
прям	прям		gerade, direkt	2261
свойственно	сво'йственно		eigen, innewohnend, kennzeichnend, bezeichnend	2262
требовательно	тре'бовательно		fordernd, anspruchsvoll	2263
великодушно	великоду'шно	it shows generosity, magnanimously, generously	großmütig, hochherzig	2264
долго-долго	долго-до'лго		ganz lange	2265
м-да	м-да		na dann, also, ähem, tja	2266
неотступно	неотсту'пно		ständig, beständig, unablässig, aufdringlich, zudringlich, unbarmherzig	2267
неуловимо	неулови'мо		unmerklich, unsichtbar, unhörbar	2268
быстро-быстро	быстро-быстро		ganz schnell	2269
волей-неволей	во'лей-нево'лей	willy-nilly, like it or not	wohl oder über (ob man will oder nicht)	2270
госслужащий	госслу'жащий	public servant	Staatsdiener	2271
идеологически	идеологи'чески		ideologisch	2272
истово	и'стово		wahr, echt, einzig; eifrig, inbrünstig	2273
миролюбиво	миролюби'во		friedfertig	2274
неотвратимо	неотврати'мо		unabwendbar, unausweichlich, unvermeidlich	2275
неприязненно	неприя'зненно		feindselig, feindlich; missgünstig, übelwollend, ablehnend, hasserfüllt	2276
особняком	особняко'м	by oneself	für sich, allein, abgesondert	2277
по-домашнему	по-дома'шнему	simply, without ceremony	häuslich, wie zu Hause, nach Hausfrauenart	2278
празднично	пра'зднично	festively	festlich, feierlich, als Gala; auf einen └ Festtag / Feiertag┘ bezogen, feiertäglich	2279
причудливо	причу'дливо		wunderlich	2280
што	што		ugs.:  was (что)	2281
язвительно	язви'тельно		höhnisch, gehässig, giftig, verletzend, ätzend	2282
беспорядочно	беспоря'дочно	in confusion, in disorder, higgledy-piggledy	unordentlich, liederlich, chaotisch, durcheinander	2283
бесстрастно	бесстра'стно		nüchtern, kühl, berechnend, rationell, gefühlskalt, leidenschaftslos, abgebrüht	2284
все-все	все-все'		aber auch wirklich alle	2285
ла	ла		la (Notenwert); la (als Namensbestandteil bzw. Artikel)	2286
много-много	мно'го-мно'го	at most	wenn es hoch kommt, höchstens; ganz viel	2287
озадаченно	озада'ченно		bestürzt, verblüfft; verlegen, betreten, ratlos	2288
по-доброму	по-до'брому		im Guten	2289
придирчиво	приди'рчиво		nörglerisch, mäklerisch; übergenau, pingelig	2290
примирительно	примири'тельно		versö'hnlich	2291
услужливо	услу'жливо	helpfully, obligingly	dienstbeflissen, servil, zuvorkommend, bemüht	2292
ну-с	ну-с		na; also	2293
дез	дез		Ent-, De-	2294
аккурат	аккура'т	exactly, precisely	genau	2295
самовольно	самовольно		eigenwillig; eigenmächtig, selbstherrlich; unbändig; auf eigene Faust	2296
ходуном	ходуно'м		drunter und rüber, auf und ab	2297
авансом	ава'нсом	in advance	als Vorschuß	2298
авиабомба	авиабомба	aircraft bomb	Fliegerbombe	2299
авиапочтой	авиапо'чтой	air mail	per Luftpost	2300
авторалли	авторалли	motor rally	Autorallye	2301
адски	а'дски	infernally, frightfully, terribly, awfully	höllisch, infernalisch	2302
амба	амба	kaput	das Ende vom Lied	2303
анданте	анда'нте	andante	andante	2304
апостериори	апостерио'ри	a posteriori	a posteriori, nachträglich, später	2305
априори	априо'ри	a priori	a priori, von vornherein	2306
архилгун	архилгун	archliar	n/a	2307
баба-яга	ба'ба-яга	Baba-Yaga	Hexe, hässliches └ zänkisches / bösartiges / boshaftes┘ Weibsbild; Hexe Baba-Jaga (im russischen Märchen)	2308
бай-бай	бай-ба'й	bye-bye	Tschüs	2309
бакенбарды	бакенба'рды	whiskers, sidewhiskers	Siehe: бакенб'рда; Backenbart	2310
баттерфляй	баттерфляй	butterfly stroke	Schmetterlingsstil	2311
баю-бай	баю-бай	lullaby	heia, dei-dei (Schlafaufforderung an Kleinkind)	2312
безалаберно	безала'берно	in a disorderly manner, carelessly	schlampig, liederlich, nachlässig, chaotisch	2313
безбедно	безбедно	comfortably	wohlhabend, sorglos, in Wohlstand	2314
безвременно	безвре'менно	prematurely	frühzeitig, vorzeitig, viel zu früh erfolgt	2315
безвыездно	безвы'ездно	without quitting, without break	wohlhabend, sorglos, in Wohlstand	2316
безвыходно	безвыходно	without going out	ausweglos, aussichtslos, hoffnungslos	2317
безгранично	безграни'чно	infinitele	grenzenlos, unbegrenzt	2318
беззаветно	беззаве'тно	selflessly, devotedly, whole-heartedly	selbstlos, hingebungsvoll, grenzenlos	2319
безобидно	безоби'дно	inoffensively	harmlos	2320
безответственно	безотве'тственно	irresponsibly	verantwortungslos, unverantwortlich; frivol	2321
безотказно	безотказно	smoothly, without a hitch	ohne Widerrede, störungsfrei, einwandfrei	2322
безотлагательно	безотлага'тельно	urgently, without delay	eilig, dringend	2323
безотлучно	безотлу'чно	absenting oneself for an instant, without going away for an instant	ständig (anwesend), beständig, unaufhörlich; unzertrennlich	2324
безотносительно	безотноси'тельно	irrelative	unspezifisch	2325
безрассудно	безрассу'дно	rashly, recklessly	unvernünftig, unbesonnen	2326
безудержно	безудержно	without restraint, unrestrainedly, impetuously	zügellos, haltlos, ungestüm, ausschweifend, unaufhaltsam	2327
бенефис	бенефи'с	benefit performance	Benefizvorstellung	2328
беременная	бере'менная	pregnant	die Schwangere; schwanger, trächtig (bei Tieren)	2329
бесконтрольно	бесконтро'льно	uncontrolledly, without any control	unkontrolliert	2330
бесперебойно	бесперебо'йно	without interruption, regularly	ununterbrochen, reibungslos, regelmäßig	2331
бесплодно	беспло'дно	in vain, vainly, unavailingly	unfruchtbar, fruchtlos, erfolglos, vergeblich	2332
бесподобно	бесподо'бно	it is excellent, excellently, splendidly	unvergleichlich	2333
беспорядки	беспорядки	disturbance	Unruhen	2334
беспошлинно	беспо'шлинно	free of duty, duty-free	zollfrei	2335
беспременно	беспреме'нно	without fail, certainly	zweifellos, sicherlich, unbedingt	2336
беспристрастно	беспристра'стно	impartially, without bias	leidenschaftslos	2337
беспричинно	беспричинно	without cause, without motive, for no reason	grundlos, unbegründet, aus heiterem Himmel	2338
беспробудно	беспробу'дно	without waking, heavily	ungezügelt, hemmungslos, maßlos	2339
бессменно	бессме'нно	at a stretch, continuously, on end	ungezügelt, hemmungslos, maßlos	2340
бессовестно	бессовестно	it shows lack of scruple, unscrupulously, without scruple	gewissenlos, ehrlos, unverschämt, frech	2341
благовоспитанно	благовоспи'танно	politely courteously	wohl erzogen, anständig, ordentlich	2342
ближе	ближе	nearer, closer, more intimate	näher	2343
богаче	богаче	richer	reicher	2344
боком	бо'ком	sideways	seitwärts, schräg	2345
бочком	бочко'м	sideways, sidewise	seitlich, seitwärts	2346
брутто	бру'тто	gross	brutto; Brutto	2347
бултых	бултых	plop	Plumps! Platsch!	2348
буржуазно-демократический	буржуазно-демократический	bourgeois-democratic	bürgerlich-demokratisch	2349
театр-буфф	театр-буфф	comedy		2350
бухарка	бухарка	Bokharan	-	2351
быстродействующий	быстродействующий	fast-acting	schnell wirkend; ultraschnell	2352
вагоновожатый	вагоновожатый	tram-driver	Straßenbahnfahrer	2353
ввек	ввек	never	niemals	2354
ввечеру	ввечеру'	in the evening	abends, gegen Abend	2355
ввосьмеро	вво'сьмеро	eight times	acht Mal so viel, achtfach	2356
ввосьмером	ввосьмеро'м	eight	zu acht, zu achten	2357
вгорячах	вгоряча'х	in the heat of the moment	im ersten Impuls, impulsiv, im Eifer, unbedacht, unüberlegt	2358
вдевятеро	вде'вятеро	nine times	neun mal so viel, neunfach	2359
вдевятером	вдевятеро'м	nine	zu neunt, zu neunen	2360
вдесятеро	вде'сятеро	ten times	zehnmal so viel, zehnfach	2361
вдесятером	вдесятеро'м	ten	zu zehnt, zu zehnen	2362
весной	весно'й	in spring	im Frühling, im Frühjahr	2363
весною	весно'ю	in spring	im Frühjahr	2364
вечерело	вечерело	night was falling	siehe вечереть	2365
вечерком	вечерко'м	in the evening	abends	2366
вечером	ве'чером	in the evening	abends, am Abend	2367
вечор	вечо'р	last night, yesternight	gestern Abend	2368
видеотелефон	видеотелефон	videotelephone	Bildtelefon, Fernsehtelefon	2369
видеотелефонный	видеотелефо'нный	videotelephone	Bildtelefon-	2370
видимо-невидимо	видимо-невидимо	multitudes, huge numbers, in immense quantity	in rauen Mengen	2371
визуально	визуа'льно	by sight; visually	visuell	2372
виндсерфинг	виндсерфинг	wind-surfing	Brettsegeln, Windsurfing	2373
винтом	винтом	spirally	siehe винт	2374
вихрем	вихрем	like the wind	in Windeseile	2375
вкруговую	вкругову'ю	round	ringsherum, rundherum	2376
влюблённо	влюблённо	lovingly, amorously	verliebt	2377
внове	вно'ве	new, strange	wieder, erneut	2378
вовеки	вове'ки	for ever, never	ewig; nie	2379
водонепроницаемый	водонепроницаемый	watertight, waterproof	wasserdicht, wasserundurchlässig	2380
возмутительно	возмутительно	it is a scandal, it is scandalous, scandalously, outrageously	empörend	2381
волхвы	волхвы	the Magi, the Three Wise Men	siehe волхв	2382
воровски	воровски'	thievishly, in an underhand way	auf einen Dieb bezogen, verbrecherisch	2383
ворчливо	ворчли'во	peevishly, querulously	brummig	2384
восемью	восемью	eight times	8 x (in Multiplikationsaufgaben), achtmal, acht Mal; Instrumental von восемь	2385
восьмичасовой	восьмичасовой	of eight hours, eight-hour	Achtuhr-	2386
вотще	вотще'	in vain	vergebens	2387
вполнакала	вполнака'ла	dimly, half-heartedly	mit halber Kraft, auf Sparflamme	2388
впопад	впопа'д	apropos	genau richtig, zur richtigen Zeit	2389
впритирку	вприти'рку	very tightly	ganz dicht, aneinandergepresst, hautnah	2390
впросонках	впросо'нках	still half asleep, only half awake	im Halbschlaf, im Dämmerzustand	2391
впятеро	впятеро	five times	fünffach	2392
в-пятых	в-пятых	fifthly, in the fifth place	fünftens	2393
враждебно	вражде'бно	hostilely, with enmity, with animosity	feindlich, feindselig	2394
вразбивку	вразби'вку	at random, at haphazard	durcheinander, wie es gerade kommt	2395
вразброд	вразбро'д	separately, disunitedly, in disunity	ungeordnet, unabgestimmt, verstreut	2396
вразброс	вразбро'с	separately	kreuz und quer, mal hier und mal da	2397
врастяжку	врастя'жку	at full length	der Länge nach, ausgestreckt	2398
временами	времена'ми	at times, now and then, now and again, from time to time	manchmal	2399
врукопашную	врукопа'шную	hand to hand	im Handgemenge	2400
всемерно	всеме'рно	to the utmost, in every possible way, in every way possible	mit allen Mitteln, auf jede Weise, nach Kräften	2401
всемеро	все'меро	seven times, sevenfold	sieben Mal so viel, siebenfach	2402
всемером	всемеро'м	seven	zu siebent	2403
всплошную	всплошну'ю	in a solid mass	dicht an dicht, lückenlos, durchgehend	2404
встарь	встарь	in olden times, formerly, in olden days, of old	in grauer Vorzeit	2405
всуе	всу'е	in vain	vergebens, unnütz, sinnlos; ohne Wert	2406
всухую	всуху'ю	without scoring a point	trocken, punktlos, ohne Tor	2407
втёмную	втёмную	blindly, in the dark	illegal, kriminell; blind, ohne etwas gesehen zu haben	2408
втридорога	втри'дорога	triple the price	wahnsinnig teuer, total überteuert	2409
втройне	втройне	three times as much	dreimal, dreifach	2410
вчерне	вчерне'	in the rough	im Entwurf, im unreinen	2411
ВЧК	ВЧК	All-Russian Special Commission for Combating Counter-revolution and Sabotage	Abkürzung (zB für Всероссийская Чрезвычайная Комиссия)	2412
вчуже	вчуже	as an outsider	unbekannterweise, aus der Sicht eines nicht unmittelbar Betroffenen	2413
вшестеро	вше'стеро	six times, sixfold	sechs Mal so viel, sechsfach	2414
вшестером	вшестеро'м	six	zu sechst, zu sechsen	2415
въявь	въявь	in reality	wach, in Wirklichkeit	2416
выдуманный	выдуманный	made-up, concocted, fabricated, invented	fiktiv, erfunden	2417
выпукло	вы'пукло	in relief, vividly, graphically	gewölbt	2418
высокопарно	высокопа'рно	grandiloquently, bombastically, in a high-flown manner	hochtrabend, schwülstig	2419
вычурно	вы'чурно	pretentiously, artificially, in a bizarre manner	geziert, gekünstelt	2420
галопом	гало'пом	at a gallop	im Galopp	2421
гантели	гантели	dumb-bells	Hanteln	2422
где-либо	где'-либо	somewhere, anywhere	irgendwo	2423
герметически	гермети'чески	hermetically	hermetisch, dicht	2424
гермоперчатки	гермоперча'тки	pressurized gloves		2425
завод-гигант	завод-гигант	giant factory	Riesenwerk	2426
гидрографический	гидрографи'ческий	hydrographic	└ hydrografisch/hydrographisch┘, └ Hydrografie-/Hydrographie-┘	2427
гипосульфит	гипосульфит	hyposulphite, hypo	das Fixiersalz	2428
гипотермия	гипотермия	hypothermia	die Unterkühlung	2429
гласно	гласно	publicly, openly	offenbar, offenkundig; öffentlich, in aller Öffentlichkeit; laut; lautend	2430
глиссандо	глисса'ндо	glissando	das Glissando; glissando	2431
глубокомысленно	глубокомысленно	thoughtfully, with a thoughtful air, with a wise air, looking wise	tiefsinnig	2432
гнусаво	гнуса'во	nasally, with a nasal twang, through the nose	nasal	2433
годами	года'ми	for years, for years on end	jahrelang	2434
голословно	голосло'вно	without adducing any proof	unbegründet	2435
голышом	голышо'м	stark naked	голышо'м	2436
горделиво	гордели'во	haughtily, proudly	hochmütig, dünkelhaft, stolz, eingebildet	2437
горячее	горя'чее	first course	Hauptgericht	2438
господа	го'спода	gentlemen, ladies and gentlemen, Messrs, the masters	Siehe: господь	2439
градом	гра'дом	thick and fast	in Strömen, es └ hagelt / hagelte┘ ..., bergeweise	2440
грядёт	грядёт	is coming, is approaching, is drawing near	siehe грясти	2441
гуманно	гума'нно	humanely, with humanity	human, menschlich, humanitär, menschenfreundlich	2442
гуртом	гурто'м	wholesale, in a body, en masse	en gros, in grossen Scharen	2443
гурьбой	гурьбой	in a crowd	in Scharen	2444
дальше	да'льше	farther, further, then, any longer	weiter	2445
двойняшки	двойняшки	twins	Zwillinge	2446
двояко	двоя'ко	in two ways	zweifach, doppelt	2447
девятью	де'вятью	nine times	9 x (in Multiplikationsaufgaben)	2448
дельно	дельно	efficiently, in business-like fashion, sensibly	vernüftig, klug, gescheit; tüchtig, patent, kompetent, sachbezogen	2449
день-деньской	день-деньско'й	the livelong day, all day long	den ganzen Tag lang, den lieben langen Tag; tagaus, tagein	2450
десятисложный	десятисложный	decasyllabic		2451
де-факто	де-фа'кто	de facto	de facto, praktisch, quasi	2452
де-юре	де-ю'ре	de jure	de jure, von Rechts wegen, eigentlich	2453
диаметрально	диаметра'льно	diametrically	diametral	2454
диафильм	диафильм	film strip	Bildband, Diafilm	2455
дисквалификация	дисквалифика'ция	disqualification	Disqualifizierung	2456
дифтерит	дифтерит	diphtheria	Diphtherie	2457
днём	днём	in the day-time, by day, in the afternoon	tagsüber, bei Tage	2458
докуда	доку'да	how far	wohin, bis wohin; wie lange, wie lange noch; soweit, bis; solange bis	2459
долее	до'лее	longer	länger; noch eine bestimmte Zeit	2460
дополна	дополна'	brimful	randvoll, voll, völlig	2461
досиня	до'синя	until blue, until livid	blitzeblau	2462
досконально	досконально	thoroughly	gründlich	2463
досуха	досуха	dry	vollkommen trocken, zur Trockne (bspw. eingedampft)	2464
досюда	досю'да	up to here, as far as this	bis hier, bis hierher	2465
дотемна	дотемна'	until it gets dark	bis Einbruch der Dunkelheit	2466
дотуда	дотуда	up to there, up to that place	bis hierher, bis dahin, bis dort	2467
дочерна	дочерна'	till is black	bis zum Schwarzwerden	2468
дочиста	до'чиста	till is spotless, completely	rein, sauber, völlig, vollständig	2469
душевная	душе'вная	shower-baths, showers	Siehe: душевный	2470
единовременно	единовре'менно	once only, on one occasion only, in a lump	einmalig	2471
ежеминутно	ежемину'тно	every minute, every instant, continually, incessantly	jeden Augenblick, unaufhörlich, fortwährend, minütlich, jede Minute	2472
еженощно	ежено'щно	nightly	allnächtlich	2473
ежесуточно	ежесуточно	every day	täglich, jeden Tag, alle 24 Stunden	2474
по-женски	по-же'нски	in a feminine way	weiblich, frauenhaft, frauentypisch	2475
забрезжило	забрезжило	it is just beginning to get light	siehe забрезжить	2476
завистливо	зави'стливо	with envy, enviously	neidisch	2477
заглазно	загла'зно	in absence, without seeing	in Abwesenheit des Betroffenen	2478
задёшево	задёшево	very cheaply	für einen Apfel und ein Ei	2479
задом	за'дом	backward	rückwärts, rücklings, verkehrt herum	2480
задыхаясь	задыха'ясь	breathlessly	atemlos, ausser Atem	2481
заездом	зае'здом	passing through, in transit	auf der Durchfahrt / Durchreise, in Form eines Abstechers / Kurzaufenthalts / seltenen Besuchs	2482
заимообразно	заимообра'зно	on credit	darlehensähnlich, geliehen, leihweise	2483
закономерно	закономерно	it is in order, it is as it should be, naturally, appropriately, as the natural result	gesetzmäßig	2484
залпом	за'лпом	in one gulp	mit einem Mal, auf einen Zug, mit einem Hieb	2485
запальчиво	запа'льчиво	passionately, heatedly	heftig, aufbrausend, jähzornig	2486
заподлицо	заподлицо'	flush	in gleicher Höhe, bündig, in einer Ebene	2487
зараз	зара'з	at once, at a sitting, at one fell swoop, at one blow	auf einmal, mir einem Mal, auf einen Schlag	2488
засахаренный	засахаренный	candied, fruits	kandiert	2489
засим	заси'м	hereafter, after this	danach, darauf, alsdann, hieran	2490
звуконепроницаемый	звуконепроницаемый	sound-proof	schalldicht	2491
здраво	здра'во	reasonably, soundly, sensibly	vernünftig, nüchtern	2492
земляне	земля'не	inhabitants of the Earth, dwellers on the planet Earth	Siehe: землянин	2493
зимой	зимо'й	in winter	im Winter	2494
идиосинкратический	идиосинкратический	idiosyncratic		2495
инженер-электрик	инженер-электрик	electrical engineer	Elektroingenieur	2496
инженер-строитель	инжене'р-строитель	inşaat mühəndisi; Civil engineer	Bauingenieur	2497
интенсификация	интенсифика'ция	intensification	Intensivierung	2498
искони	искони'	from time immemorial	seit alters her, schon immer	2499
исподнизу	исподни'зу	from underneath	von unten her	2500
исполу	и'сполу	half and half	halb und halb, fifty-fifty, zur Hälfte, hälftig; die Hälfte der Ernte als Pacht an den Grundbesitzer	2501
исстари	и'сстари	from olden times	von alters her, seit eh und je	2502
как-либо	ка'к-либо	somehow	irgendwie, wie auch immer	2503
каково	каково'	how	wie, wie schwer, wie unangenehm; da schau mal einer an!	2504
каракуль	каракуль	astrakhan fur	Persianer, Astrachan	2505
келейно	келейно	privately, in camera	heimlich, im Stillen	2506
кое-когда	кое-когда'	now and then	irgendwann	2507
кое-куда	кое-куда'	somewhere	irgendwohin	2508
коллегиально	коллегиа'льно	collectively, jointly	kollegial	2509
кондитерская	конди'терская	sweet-shop	Konditorei	2510
контрабандой	контраба'ндой	instrumental case singular of: контрабанда	Instrumental singular von: контрабанда	2511
кончая	конча'я	ending with ...	endend mit, bis hin zu	2512
краше	краше	more beautiful, finer, better	schöner	2513
крепко-накрепко	крепко-на'крепко	very tightly, very firmly, doubly tight	sehr fest	2514
крест-накрест	крест-на'крест	criss-cross, cross-wise	kreuzweise	2515
кувырком	кувырко'м	topsyturvy	drunter und drüber, holterdiepolter	2516
куда-либо	куда'-либо	somewhere, anywhere	irgendwohin	2517
Кузбасс	Кузбасс	the Kuzbas	das Kusnezkbecken	2518
кукареку	кукареку'	cock-a-doodle-doo	kikeriki	2519
кулисы	кулисы	wings, side-scenes, slips, coulisses	Kulissen	2520
курсы	ку'рсы	courses	Kursus, Kurse, Lehrgang	2521
кустование	кустование	interconnection, interconnecting	---	2522
ладушки	ладу'шки	pat-a-cake	meinetwegen, einverstanden	2523
летом	ле'том	in summer	im Sommer	2524
лётчик-космонавт	лётчик-космонавт	space pilot	Fliegerkosmonaut	2525
литография	литография	lithograph, lithography	Lithographie	2526
лук-порей	лу'к-поре'й	leek	Lauch	2527
любо	лю'бо	it is pleasant	schön, fein, angenehm	2528
любо-дорого	любо-до'рого	it is a real pleasure	wunderschön (anzusehen)	2529
маковые	ма'ковые	papaverous plants, Papaveraceae	siehe : маковый	2530
малоразвитой	малоразвитой	underdeveloped, half-educated	siehe: ма̣лоразвитый	2531
маслоуловитель	маслоуловитель	oil catcher, oil collector	Ölabscheider, Ölnebelabscheider, Ölfalle	2532
машинизированный	машинизи'рованный	provided with machines	mechanisiert; auf maschinelle Fertigung umgestellt	2533
меблированный	меблированный	furnished	möbliert	2534
медлительно	медлительно	sluggishly	schwerfällig, zögernd, träge	2535
местами	места'ми	here and there	stellenweise; örtlich	2536
метёт	метёт	there is a snow-storm	Siehe : мести	2537
микрография	микрография	micrography		2538
микрокалькулятор	микрокалькулятор	microcalculator	Taschenrechner	2539
микрофарада	микрофарада	microfarad		2540
лётчик-миллионер	лётчик-миллионер	pilot who has flown over a million kilometres		2541
мимоездом	мимое'здом	in passing	auf der Durchfahrt / Durchreise, beim Vorüberfahren / Vorbeifahren / Durchfahren, in der Nähe	2542
миндалины	минда'лины	tonsil	Siehe : миндалина	2543
многообъективный	многообъективный	multilens, multiple-lens		2544
многоцилиндровый	многоцилиндровый	multicylinder		2545
множимое	мно'жимое	multiplicand	Multiplikand	2546
моментами	моментами	now and then	siehe момент	2547
мораториум	мораториум	moratorium	Moratorium, Aufschub	2548
морозно	моро'зно	it freezes	kalt, es fröstelt / friert	2549
мотогонки	мотогонки	motor-cycle races	Motorradrennen	2550
моторалли	моторалли	motor-cycle rally	Motorradrallye	2551
мультиплан	мультиплан	multiplane		2552
набело	на'бело	clean, fair	ins Reine (schreiben)	2553
навыкат	навы'кат	bulging	hervorquellend, hervortretend	2554
на-гора	на-гора'	to the surface, to the top	über Tage (Bergbau); zutage/zu Tage	2555
назади	назади	behind	hinten, vorbei, hinter	2556
назидательно	назида'тельно	didactically	belehrend	2557
наипаче	наипа'че	still more, in paticular	ganz besonders, in Sonderheit	2558
пруды-накопители	пруды-накопители	catching basins		2559
наперекосяк	наперекосяк	aslant, askew	kreuz und quer, schief	2560
наперечёт	наперечёт	all without exception, there are few, there are not many	in- und auswendig; vereinzelt, zählbar, an einer Hand aufzuzählen	2561
напрочно	на'прочно	firmly, solidly	für immer, ganz sicher	2562
натрое	на'трое	in three	in drei Teile	2563
натуго	на'туго	tightly	straff, prall, dick, steif	2564
наудалую	наудалу'ю	recklessly	auf gut Glück, seinem glücklichen Stern vertrauend, tollkühn	2565
нахрапом	нахра'пом	all of a rush, high-handedly	mit grober Gewalt, gewaltsam, dreist, unverschämt, unverfroren	2566
нацело	на'цело	entirely, without a remainder, with nothing left over	ohne Rest, vollständig, glatt (beim Teilen von Zahlen)	2567
начерно	на'черно	roughly	unrein, ins Unreine, als Konzept	2568
нашармака	нашармака	without paying	auf fremde Kosten, für nass / umsonst	2569
нашармачка	нашармачка'	without paying	auf fremde Kosten, für └ nass / umsonst┘	2570
неблагополучно	неблагополу'чно	not happily, not favourably	missraten, unglücklich	2571
небогато	небога'то	in a small way	karg, arm, ärmlich; knapp	2572
небронированный	небронированный	unarmoured		2573
невидимкою	невиди'мкою	invisibly	Unsichtbare(r)	2574
неволей	нево'лей	forcibly, by force	nolens	2575
негладко	негла'дко	unevenly, not smoothly, not fluently	uneben, rauh, nicht glatt, holprig	2576
недёшево	недёшево	at a considerable price, by spending much time, energy	ganz schön teuer, nicht billig	2577
недоброжелательно	недоброжела'тельно	with ill-will	missgünstig, übelwollend, zum Nachteil gereichend	2578
недостойно	недосто'йно	it is unworthy, unworthily, meanly	unwürdig, unverdient	2579
нежирно	нежи'рно	nothing to write home about	mager, dürr, ärmlich	2580
незаклеенный	незаклеенный	unsealed		2581
неизученный	неизученный	unstudied, obscure, unknown, unexplored	unerforscht	2582
нелегально	нелега'льно	illegally	illegal	2583
нелишне	нели'шне	it is not out of place	nicht überflüssig, nicht von Schaden	2584
немалочисленный	немалочисленный	rather numerous		2585
немилосердно	немилосе'рдно	unmercifully	gnadenlos, unbarmherzig	2586
немилостиво	неми'лостиво	ungraciously, severely	ungnädig; erbarmungslos, gnadenlos	2587
ненадобно	нена'добно	not wanted, unwanted, not necessary, unnecessary	überflüssig, entbehrlich, unnötig	2588
ненамеренно	ненаме'ренно	unintentionally, unwittingly	unabsichtlich, aus Versehen, nicht mit Absicht	2589
необдуманно	необду'манно	rashly	unüberlegt	2590
необусловленный	необусловленный	unstipulated		2591
неодолимо	неодоли'мо	invincibly	unübersichtlich	2592
неоколониалистский	неоколониалистский	neo-colonialist	neokolonialistisch	2593
неопрокидывающийся	неопрокидывающийся	non-capsizable		2594
неорганизованно	неорганизо'ванно	individually, each for himself, not organized	unorganisiert, undiszipliniert, wild	2595
неосведомлённый	неосведомлённый	uninformed, ill-informed, unaware	uninformiert	2596
неослабно	неосла'бно	unremittingly, assiduously	nicht nachlassend, nicht schwächer werdend / erlahmend, gespannt, unvermindert	2597
неотлучно	неотлу'чно	continually, constantly, permanently	unzertrennlich, fest	2598
неподобающе	неподобающе	in an unseemly manner, improperly	ungehörig, unschicklich	2599
неполадки	неполадки	defects, fault, disagreement	Mißstände, Betriebsstörungen	2600
непоследовательный	непосле'довательный	inconsistent, inconsequent	inkonsequent, nicht folgerichtig	2601
непочтительно	непочти'тельно	disrespectfully	unehrerbietig, respektlos	2602
непредубеждённый	непредубеждённый	unprejudiced, unbiased	unvoreingenommen	2603
непредусмотрительный	непредусмотрительный	improvident	nicht vorsorglich, unbedacht	2604
непрестанно	непреста'нно	incessantly	unaufhörlich, unablässig, unentwegt	2605
непростительно	непрости'тельно	it is unforgivable, it is inexcusable, unpardonably	unverzeihlich	2606
непутём	непутём	badly	verkehrt herum, falsch herum, grundfalsch	2607
неравно	неравно'	what if, I should, you should	ungleich	2608
несвязно	несвя'зно	incoherently	unzusammenhängend, zusammenhanglos, zusammenhangslos	2609
несказанно	несказа'нно	unspeakably, ineffably	unsäglich	2610
нетоварищеский	нетоварищеский	unfriendly, uncomradely, distant		2611
нетто	не'тто	net	netto; Netto	2612
неуважительно	неуважи'тельно	disrespectfully	nicht zu respektieren, nicht anzuerkennen, nicht stichhaltig, nicht wichtig, nicht triftig; nicht achtend, nicht achtungsvoll, nicht ehrerbietig, nicht mit der angebrachten Ehrfurcht	2613
неудовлетворительно	неудовлетвори'тельно	unsatisfactorily, unsatisfactory	unbefriedigend, ungenügend	2614
неукрощённый	неукрощённый	untamed		2615
неурегулированный	неурегулированный	outstanding, not settled		2616
неусовершенствованный	неусовершенствованный	unimproved, not improved		2617
нефтеносный	нефтеносный	oil-bearing, petroliferous	erdölhaltig	2618
нецелесообразно	нецелесообра'зно	to no purpose, inexpediently	unzweckmäßig	2619
нешоссированный	нешоссированный	unmetalled		2620
низом	ни'зом	along the bottom	unten herum, im Flachland, in der Ebene	2621
новобрачные	новобрачные	the newly-weds	junges Paar, Brautpaar	2622
школа-новостройка	школа-новостройка	newly-built school		2623
номинально	номина'льно	nominally	nominell, Nenn-	2624
ноты	но'ты	music	Noten, Notenheft	2625
обдуманно	обдуманно	deliberately, after careful consideration	überlegt, mit Vorbedacht	2626
обмороженный	обморо'женный	frost-bitten	erfroren	2627
обок	о'бок	close by, near	einen Katzensprung entfernt, gleich daneben, direkt vor der Nase	2628
обособленно	обосо'бленно	apart, aloof, by oneself	gesondert, einzeln, für sich genommen	2629
обоюдно	обою'дно	mutually	gegenseitig, wechselseitig	2630
обтрёпанный	обтрёпанный	frayed, shabby	zerlumpt, stark abgetragen	2631
общеизвестно	общеизве'стно	it is generally known, everyone knows that	allgemein bekannt	2632
общеупотребительный	общеупотребительный	current, in general use	allgemeingebräuchlich	2633
общо	общо	generally	allgemein (ohne konkreten Bezug), global (allgemein), verallgemeinert, unkonkret	2634
овдовевший	овдовевший	widowed	verwitwet	2635
овдовелый	овдовелый	widowed	verwitwet	2636
огулом	огу'лом	in a crowd, pell-mell, in a heap, wholesale	alle miteinander, wahllos, in Bausch und Bogen	2637
одёр	одёр	old hack	die Oder	2638
одесную	одесну'ю	to the right, on the right hand	nach rechts, rechter Hand, rechterseits, rechtsseitig, rechtswärts	2639
одиножды	оди'ножды	one times	einmal, mit eins multipliziert	2640
слово-однодневка	слово-однодневка	nonce-word		2641
озимые	озимые	winter crops	Wintersaat, Winterkorn	2642
океанография	океанография	oceanography	Meereskunde, Ozeanographie	2643
оковы	око'вы	fetters, bondage	Fesseln, Ketten	2644
околопестичный	околопестичный	perigynous		2645
омерзительно	омерзи'тельно	sickeningly	abscheulich, widerwärtig, ekelhaft	2646
оптом	о'птом	wholesale	im großen	2647
оргтехника	оргте'хника	technical means and equipment for accounting, planning and analysis of operations	Bürotechnik	2648
орудия	орудия	ordnance	siehe орудие	2649
осенью	о'сенью	in autumn, fall	im Herbst	2650
осквернительница	осквернительница	defiler, profaner		2651
отварной	отварной	boiled	gekocht	2652
отвлекающий	отвлекающий	counter-attracting	in eine andere Richtung lenkend	2653
отколе	отко'ле	whence, where from	woher	2654
откуда-либо	отку'да-либо	from somewhere or other	irgendwo her	2655
откуда-нибудь	отку'да-нибудь	from somewhere or other	irgendwoher	2656
отроду	о'троду	never, as long as one lives	nie in meinem Leben, niemals, mein Lebtag nicht	2657
отселе	отсе'ле	hence	von hier aus	2658
отступя	отступя'	off	entfernt, mit einigem Abstand	2659
оттоле	отто'ле	thence, from there	von dort (aus), von da (aus)	2660
офтальмолог	офтальмолог	ophthalmologist	Augenarzt; Ophthalmologe	2661
оцинкованный	оцинкованный	zinc-coated	verzinkt	2662
очистки	очистки	peelings	Abfall	2663
ошуюю	ошу'юю	to the left, on the left hand	nach links, linker Hand, linkerseits, linksseitig, linkswärts	2664
ощупью	о'щупью	groping, fumblingly, by touch	tastend	2665
пагубно	па'губно	ruinously, perniciously, banefully	unheilvoll, verderblich, verderbenbringend, verhängnisvoll; katastrophal, tödlich; furchtbar, fürchterlich	2666
пантомим	пантомим	pantomime, mime, dumb show	siehe пантомима	2667
парапсихология	парапсихология	parapsychology	Parapsychologie	2668
парит	парит	it is sultry	Siehe: парить	2669
паронепроницаемый	паронепроницаемый	steam-tight, steam-proof		2670
пасмурно	пасмурно	it is cloudy, it is dull	trübe, düster	2671
пацифизм	пацифизм	pacifism	Pazifismus	2672
пелёнки	пелёнки	nappies, swaddling clothes	Siehe: пелёнка	2673
пельмени	пельмени	pelmeni	Pelmeni	2674
пентаметрический	пентаметрический	pentametric, pentameter		2675
перво-наперво	перво-на'перво	first of all	zuallererst	2676
переборот	перебо'рот	overcome, subdue	Siehe :	2677	переборот (Partizip passiv  m)
перевёртывать	перевёртывать	turn over, turn, overwind	wenden, umdrehen, umkehren, umstülpen, umkippen	2678
перевыборы	перевыборы	election, re-election	Neuwahlen	2679
перегной	перегной	humus	Humus	2680
перекаты	перека'ты	shallows, peals, rolls	Siehe: перекат	2681
переливы	перели'вы	tints, tinges, play, modulations	Siehe: перелив	2682
переплётная	переплётная	bindery	Siehe: переплётный	2683
перпендикулярно	перпендикуля'рно	perpendicularly	senkrecht, lotrecht, scheitelrecht	2684
перфокарта	перфокарта	punched card	Lochkarte	2685
пианиссимо	пиани'ссимо	pianissimo	pianissimo; das Pianissimo (als leiseste Stelle in einem Musikstück)	2686
пиано	пиа'но	piano	piano (im Gegensatz zu forte)	2687
пиччикато	пиччика'то	pizzicato	pizzikato	2688
планёр-паритель	планёр-паритель	soaring glider		2689
планета-спутник	планета-спутник	satellite		2690
платёжеспособный	платёжеспособный	solvent	zahlungsfähig	2691
плиссе	плиссе'	accordion pleats, accordion-pleated	Plissee, Plissee-, plissiert	2692
плясовой	плясовой	dance	Tanz-	2693
побольше	побольше	a little older, a little more	mehr, größer	2694
по-братски	по-бра'тски	fraternally, like a brother, like brothers	brüderlich, freundschaftlich, verbrüdert, Bruder-	2695
повально	пова'льно	without exception	allgemein, auf die Massen bezogen	2696
поварёшка	поварёшка	ladle	Kelle, Kochlöffel	2697
поверхностно	поверхностно	superficially, perfunctorily, in a perfunctory manner	oberflächlich, flüchtig	2698
по-весеннему	по-весе'ннему	as in spring	frühlingshaft, wie im Frühling	2699
повседневно	повседне'вно	daily, everyday	alltäglich	2700
повыше	повы'ше	a little higher, a little taller, a little higher up	etwas höher, oberhalb	2701
подальше	пода'льше	somewhat, a little, as far as possible; away, rather far off	etwas weiter, möglichst weit, so weit wie möglich	2702
подделывательница	подделывательница	falsifier, forger		2703
по-дедовски	по-де'довски	as of old	auf Grossvaterart, auf althergebrachte Art und Weise	2704
подекадно	подека'дно	every ten days	dekadenweise	2705
подённо	подённо	by the day	auf ein Tagwerk bezogen, auf einen Tag bezogen	2706
подобру-поздорову	подобру-поздоро'ву	in good time, with a whole skin, while you are still on one piece	im Guten (ich sag dir's im Guten)	2707
подробнее	подро'бнее	at greater length	ausführlicher	2708
по-дружески	по-дру'жески	in a friendly way, as a friend	auf freundschaftliche Art, wie ein Freund, freundschaftlich	2709
подтяжки	подтя'жки	braces, suspenders	Hosenträger	2710
по-дурацки	по-дура'цки	foolishly, like a fool	idiotisch, dämlich, dumm, doof	2711
по-зверски	по-зве'рски	brutally, like a beast, bestially	grausam, tierisch, animalisch	2712
позволь	позволь	allow me	siehe позволить	2713
позже	по'зже	later	später	2714
по-зимнему	по-зи'мнему	as in winter	winterlich, wie im Winter, Winter-	2715
поимённый	поимённый	nominal	Namen-	2716
поквартально	покварта'льно	by the quarter, per quarter, every quarter	Quartal-, auf ein Quartal bezogen, vierteljährlich	2717
полкило	полкило'	half a kilogram	ein halbes Kilo	2718
полагается	пола'гается	one is supposed	(du musst / er muss / ihr müsst / Sie müssen) einen ausgeben, (du bist / er ist / ihr seid / Sie sind) mit Zahlen dran, (du machst / er macht / ihr macht / Sie machen) Zahlemann und Söhne	2719
полегоньку	полего'ньку	by easy stages	sachte, behutsam, vorsichtig, nach und nach	2720
полегче	поле'гче	lighter, a little easier, a little less difficult	etwas leichter; so leicht wie möglich	2721
по-летнему	по-ле'тнему	as in summer	sommerlich, wie im Sommer, Sommer-	2722
ползком	ползком	crawling, on all fours, on hands and knees	kriechend	2723
поливитамины	поливитамины	polyvitamins	Multivitamine	2724
полиграфия	полиграфи'я	polygraphy, printing trades	Polygraphie	2725
полимеры	полимеры	polymers	Polymere	2726
пол-литра	пол-литра	half litre, half litre bottle	ein halbes Liter	2727
полным-полно	полным-полно	full	übervoll, zum Brechen voll	2728
полукопытный	полукопытный	subungulate		2729
полупальто	полупальто	short coat	Kurzmantel Kutte	2730
получше	полу'чше	a little better, rather better	etwas besser; möglichst gut, so gut wie möglich	2731
полушерстяной	полушерстяно'й	half-woollen	Halbwoll-, halbwollen	2732
полушутя	полушутя'	half in jest	halb im Spaß, halb im Ernst	2733
полюбовно	полюбо'вно	amicably	gütlich, in Güte; zärtlich, liebevoll, herzlich, freundschaftlich	2734
по-людски	по-людски'	as others do, in the accepted manner	wie es sich gehört, wie es sein muss / zu sein hat / normal ist, wie unter zivilisierten / normalen Menschen, anständig, normal, ordentlich; auf die Dienerschaft / das Gesinde bezogen; auf den / die Menschen bezogen, menschlich, menschenwürdig	2735
по-мальчишески	по-мальчи'шески	in a boyish way, like a boy	jungenhaft, wie kleine Jungs	2736
поменьше	поме'ньше	a little less, less	etwas weniger, etwas kleiner	2737
помесячно	поме'сячно	by the month, per month, monthly	monatlich	2738
помнится	по'мнится	I remember	wie man sich erinnert, bekanntlich; soweit man zurückdenken kann	2739
по-над	по-на'д	along, by	oberhalb, entlang, längs	2740
понарошку	понаро'шку	for fun, pretending, in pretence	im Scherz, nicht ernst gemeint	2741
понедельно	понеде'льно	by the week, per week, weekly	wöchentlich, allwöchentlich, einwöchig	2742
пониже	пони'же	lower, shorter	(noch) etwas niedrig / geringer / weniger, etwas weiter unten; ein wenig weiter flussabwärts; (noch) etwas tiefer (Stimme); so niedrig / gering / wenig wie möglich, möglichst niedrig / gering / wenig; so weit unten / flussabwärts wie möglich, möglichst weit unten / flussabwärts	2743
по-осеннему	по-осе'ннему	as in autumn	herbstlich, wie im Herbst, Herbst-	2744
попозже	попо'зже	later	später, nachher	2745
пополуночи	пополу'ночи	after midnight, ante meridiem	nach Mitternacht	2746
по-приятельски	по-прия'тельски	as a friend, in a friendly manner	wie ein Freund, freundschaftlich, kameradschaftlich	2747
попудно	попу'дно	by the pood	pro Pud, pudweise	2748
пораньше	пора'ньше	a bit earlier, as early as possible	früher	2749
порожняком	порожняко'м	empty, without a load	leer, unbeladen, ohne Ladung	2750
поротно	поро'тно	by companies	kompanieweise, pro Kompanie	2751
по-рыцарски	по-рыцарски	in a chivalrous manner	ritterlich	2752
по-свойски	по-сво'йски	in a familiar way	wie bei uns üblich; freundschaftlich, kumpelhaft; auf Du und Du	2753
поскорее	поскоре'е	somewhat quicker	so schnell wie möglich, schnellstmöglich	2754
посменно	посменно	in turn, by turns	schichtweise, wechselweise	2755
по-соседски	по-сосе'дски	in a neighbourly way	nachbarschaftlich	2756
посотенно	посо'тенно	by the hundred, by hundreds	zu Hunderten	2757
посредственно	посредственно	so-so, fair, satisfactory	mittelmäßig	2758
постановили	постановили	resolved	Siehe: постановить	2759
посуточно	посу'точно	by the day	täglich, alle 24 Stunden, tageweise	2760
посуху	по'суху	on dry land	trocken, auf dem Trockenen, mit festem Boden unter den Füssen	2761
по-твоему	по-тво'ему	in, according to, your opinion, to your way of thinking, as you wish, as you would have it, as you advise	wie du willst	2762
потруднее	потрудне'е	more difficult	noch etwas └ schwerer / schwieriger ┘	2763
потупившись	поту'пившись	with downcast eyes	mit gesenktem Blick, mit niedergeschlagenen Augen	2764
поурочно	поуро'чно	by the piece	stundenweise, lektionsweise, pro └ Stunde / Unterrichtsstunde / Sitzung / Lektion ┘	2765
похолодало	похолода'ло	it has got colder	es ist kalt geworden	2766
почему-либо	почему'-либо	for some reason of other	aus irgendeinem Grund	2767
почему-нибудь	почему-нибудь	for some reason of other	aus irgendeinem Grund	2768
поштучно	поштучно	by the piece	stückweise	2769
превратно	превра'тно	wrongly	irrig	2770
прекрасное	прекрасное	the beautiful	das Schöne	2771
прерывисто	преры'висто	in a broken way	stockend, unterbrochen, arhythmisch	2772
престолонаследница	престолонаследница	successor to the throne		2773
преумножение	преумножение	augmenting		2774
привязанный	привязанный	attached	zugetan	2775
призма-отражатель	призма-отражатель	reflecting prism		2776
приметы	приметы	distinctive marks	Personalbeschreibung	2777
примирительница	примирительница	reconciler, conciliator, peace-maker		2778
примиряюще	примиря'юще	in a conciliatory way	beschwichtigend, versöhnlich	2779
принуждённый	принуждённый	constrained, forced	gezwungen, unnatürlich	2780
принципиальничать	принципиальничать	be over-scrupulous		2781
пристрастно	пристра'стно	with partiality, with prejudice	parteiisch, voreingenommen	2782
присутствующие	присутствующие	those present	die Anwesenden	2783
продуктивно	продукти'вно	productively, efficiently	produktiv, aktiv; trächtig, fündig, Erz führend, Öl führend, Gas führend	2784
проездом	прое'здом	in transit, passing through, in the course of a journey	auf der Durchreise, auf der Durchfahrt	2785
простёгивать	простёгивать	to quilt	absteppen beim nähen	2786
противоипритный	противоипритный	anti-mustard-gas		2787
противокислотный	противокислотный	acid-proof		2788
противолихорадочный	противолихорадочный	antifebrile		2789
противоснарядный	противоснарядный	shell-proof		2790
протоактиний	протоактиний	protoactinium		2791
профанация	профана'ция	profanation	Profanierung, Mißbrauch	2792
профтехучилище	профтехучилище	vocational training school, trade school	technische Berufsschule	2793
проще	проще	simplest, easiest; simpler, easier	einfacher	2794
прямёхонько	прямёхонько	straight, directly	schnurgerade, ganz geradeaus	2795
психоневропатологический	психоневропатологический	psychoneuropathologic		2796
психоневропатология	психоневропатология	psychoneuropathology		2797
пунктуально	пунктуа'льно	punctually, on the dot	pünktlich	2798
пятинедельный	пятинедельный	of five weeks, five-week, five-week-old		2799
равноотстоящий	равноотстоящий	equidistant		2800
рад-радёшенек	рад-радёшенек	pleased as Punch		2801
радужно	радужно	cheerfully	regenbogenfarbig, bunt; rosig, hoffnungsfroh (Aussichten)	2802
разведённый	разведённый	divorced, divorcee, divorce	geschieden; Geschiedener	2803
раздражительно	раздражи'тельно	with irritation, in irritation, in a temper, irritably	reizbar, erregbar, schnell verärgert / beleidigt, nervös, zickig	2804
размашисто	разма'шисто	boldly, in a sweeping manner	schwungvoll	2805
разобщённо	разобщённо	apart, separately	getrennt, isoliert, abgesondert; entzweit, uneins, zerstritten, verfeindet; verfeindet; entfremdet	2806
разок-другой	разо'к-другой	once or twice	das eine oder andere Mal, ein oder zwei Mal	2807
ракета-носитель	раке'та-носи'тель	carrier rocket	Trägerrakete	2808
рамки	ра'мки	limits	Siehe:  рамка	2809
раскованно	раскованно	relaxedly, in a relaxed manner	entspannt, ungezwungen, frei, leicht, locker, natürlich	2810
раскрепощённый	раскрепощённый	emancipated, liberated		2811
распарывание	распарывание	ripping, unripping		2812
рассвело	рассвело'	it is already light	es ist Tag geworden	2813
расчётливо	расчётливо	prudently, economically, sparingly	sparsam, haushälterisch, umsichtig	2814
рационально	рациона'льно	rationally	rationell, zweckmäßig, vernünftig	2815
ре-диез	ре-диез	D sharp		2816
рекогносцировочный	рекогносциро'вочный	reconnoitring, reconnaissance	Rekognoszierungs-, Erkundungs-, Auskundschaftungs-	2817
рекогносцировщик	рекогносцировщик	reconnoitrer		2818
рельефно	релье'фно	in relief, boldly	reliefartig, erhaben, plastisch, skulptural; klar gegliedert, räumlich gestaltet	2819
реснички	ресни'чки	cilia	Siehe: ресничка	2820
республиканство	республиканство	republicanism		2821
ретиво	рети'во	zealously	eifrig, gewissenhaft, akkurat, übereifrig	2822
родом	ро'дом	by origin, by birth	gebürtig, stammend aus	2823
розно	ро'зно	apart, separately	unterschiedlich, verschieden, entgegengesetzt; allein, einzeln	2824
розовато-белый	розовато-белый	pinky-white, pinkish-white		2825
сам-друг	сам-дру'г	with one other, two, not alone but accompanied by another person, double, twice as much	doppelt so viel, zweimal so viel, zwei Mal so viel, zweifach, um das Zweifache, um das Doppelte, verzweifacht, verdoppelt; zu zweit, zu zweien	2826
скатерть-самобранка	скатерть-самобранка	magic table-cloth	Tischleindeckdich	2827
самодовольно	самодово'льно	complacently, smugly	selbstgefällig, selbstzufrieden	2828
самолёт-торпедоносец	самолёт-торпедоносец	torpedo aircraft	Torpedobomber	2829
самонадеянно	самонаде'янно	conceitedly, presumptuously, perkily	eingebildet, selbstgefällig, anmaßend, überheblich	2830
самоотверженно	самоотве'рженно	selflessly	selbstlos, aufopfernd, hingebungsvoll	2831
самотёком	самотёком	by gravity	im Selbstlauf, wie es gerade kommt, von allein, von selbst, als Elementargeschehen, spontan; im Selbstlauf, wie es gerade kommt, von allein, von selbst, als Elementargeschehen, spontan	2832
самотормозящийся	самотормозящийся	self-braking, self-catching, self-stopping		2833
самоуверенно	самоуве'ренно	with self-confidence, with self-assurance	selbstherrlich, arrogant, überheblich, selbstgerecht	2834
сам-пят	сам-пят	with four others, fivefold	fünfmal so viel, fünf Mal so viel, fünffach, um das Fünffache; zu fünft, zu fünfen	2835
сам-сём	сам-сём	with six others, sevenfold	siebenmal so viel, sieben Mal so viel, siebenfach, um das Siebenfache; zu siebent	2836
сам-третей	сам-третей	with two others, three times as much	dreimal so viel, drei Mal so viel, dreifach, um das Dreifache; zu dritt, zu dreien	2837
сам-четвёрт	сам-четвёрт	with three others, fourfold	viermal so viel, vier Mal so viel, vierfach, um das Vierfache; zu viert, zu vieren	2838
сам-шёст	сам-шёст	with five others, sixfold	sechsmal so viel, sechs Mal so viel, sechsfach, um das Sechsfache; zu sechst, zu sechsen	2839
саркастически	саркасти'чески	sarcastic	sarkastisch	2840
сверхурочно	сверхуро'чно	overtime	Überstunden-	2841
глагол-связка	глаго'л-свя'зка	link-verb		2842
сдельно	сде'льно	by the job	Leistungs-, Stück-, auf die Stückfertigung bezogen	2843
севернее	се'вернее	to the north, northward, further north	weiter nördlich	2844
семью	се'мью	seven times	7 x (in Multiplikationsaufgaben), siebenmal, sieben Mal; Instrumental von семь	2845
силой	си'лой	by force	mit Gewalt, gewaltsam	2846
силком	силко'м	by force	gewaltsam, mit Gewalt	2847
сиротливо	сиротли'во	lonely	verwaist, allein gelassen, verlassen, vereinsamt	2848
скачками	скачка'ми	by leaps, by fits and starts	sprungweise, sprunghaft, satzweise, ruckweise	2849
склады	скла'ды	syllables	Siehe: склад	2850
скопом	ско'пом	in a crowd, all together, en masse	zusammen, gemeinsam, alle miteinander	2851
скорее	скоре'е	rather, sooner	schneller, früher, eher, lieber, vielmehr	2852
скорей	скорей	rather, sooner	schneller, früher, eher, lieber, vielmehr	2853
скученно	ску'ченно	densely, in density, in congestion	gedrängt, eng, dicht	2854
слабовато	слабова'то	rather badly	etwas schwach, schwächlich	2855
слащаво	слаща'во	all sugar and honey	süßlich	2856
слёзно	слёзно	tearfully	weinerlich, Tränen-, tränenreich	2857
слесарь-инструментальщик	слесарь-инструментальщик	look-maker		2858
слитно	сли'тно	together	gebunden, zusammenhängend, verbunden, Zusammen-	2859
случаем	случаем	by any chance	zufällig	2860
совокупно	совоку'пно	jointly, in common	Gesamt-, vereint	2861
согласованно	согласованно	in concord	übereinstimmend, abgestimmt, koordiniert	2862
солидарно	солида'рно	jointly	solidarisch	2863
сомнительно	сомни'тельно	it is doubtful	zweifelhaft, fragwürdig, verdächtig	2864
сослепа	со'слепа	due to poor sight	aufgrund meiner - deiner - seiner - Kurzsichtigkeit	2865
сослепу	сослепу	due to poor sight	aufgrund meiner - deiner - seiner - ... - Kurzsichtigkeit	2866
сохранно	сохра'нно	safely	unversehrt	2867
спортсмен-спелеолог	спортсмен-спелеолог	pot-holer		2868
сплеча	сплеча'	straight from shoulder, on the spur of the moment	mit vollem Schwung, weit ausholend, mit aller Wucht (von einem Wurf); unüberlegt, wild drauflos, holterdiepolter, unbedacht, vorschnell, überstürzt, voreilig	2869
спроста	спроста'	artlessly, with an open heart, without reflection	aus Dummheit, aus Unerfahrenheit, einfach so, gerade heraus	2870
спутанно	спу'танно	confusingly, in a confused way	verwirrt, wirr	2871
спьяна	спья'на	in a state of drunkenness	im Suff, im Stoff, angeschickert, angetütert, betrunken, im betrunkenen Zustand, im Rausch, im Vollrausch	2872
сряду	сря'ду	running	nacheinander, ausnahmslos, reihum	2873
стаккато	стаккато	staccato	stakkato; das Stakkato (im Gegensatz bspw. zum Legato)	2874
стенографический	стенографический	stenographic, shorthand	stenografisch	2875
стенография	стенография	stenography, shorthand	Stenografie, Kurzschrift	2876
стереофонический	стереофонический	stereophonic	stereophon, stereofon, Stereo-	2877
стоймя	стоймя	upright	aufrecht, stehend	2878
стократ	стокра'т	a hundred times, hundredfold	hundert Mal, viel	2879
строго-настрого	строго-на'строго	very strictly	ganz streng, strengstens, aufs Allerstrengste	2880
студент-медик	студент-медик	medical student	Medizinstudent	2881
сызмала	сы'змала	from ever since, from a since, from a child, since one was a child	von Kindesbeinen, von klein auf, von klein an	2882
сырьём	сырьём	raw	roh, ungekocht, ungebraten; als Rohstoff	2883
так-таки	та'к-таки	really	dennoch, trotzdem; tatsächlich, wirklich, in der Tat	2884
там-сям	там-ся'м	here and there	hie und da, stellenweise	2885
телеграмма-молния	телеграмма-молния	express telegram	Blitztelegramm	2886
телекс	те'лекс	telex	Telex	2887
телефильм	телефи'льм	telefilm	Fernsehfilm	2888
телефотоаппарат	телефотоаппарат	long-range camera		2889
темнеет	темнеет	it is getting dark	es wird dunkel, es dämmert	2890
темным-темно	темным-темно'	pitch-dark	stockfinster, absolut dunkel; hoffnungslose Unwissenheit	2891
угро-финский	угро-финский	Ugro-Finnic		2892
удовлетворительно	удовлетворительно	satisfactorily, satisfactory, fair	zufriedenstellend, befriedigend, genügend, ausreichend	2893
уединённо	уединённо	solitarily, in solitude	zurückgezogen, vereinsamt, einsam, entlegen	2894
узникузница	узникузница	prisoner		2895
уменьшаемое	уменьша'емое	minuend	Minuend	2896
умеючи	уме'ючи	skilfully, with skill	mit Sachkenntnis, kompetent	2897
умнее	умне'е	wiser	klüger, gescheiter, intelligenter; vernünftiger	2898
уморительно	умори'тельно	it is extremely funny, it makes one rock with laughter	spaßig, urkomisch, possenhaft	2899
уранопластика	уранопластика	uranoplastics		2900
урождённая	урождённая	nee, born	Siehe: урождённый	2901
успеется	успее'тся	there is still time, there is no need to hurry	kann warten, hat noch Zeit, kommt schon noch zurecht	2902
устои	устои	foundations, basis	Prinzipien, Grundsätze	2903
утром	у'тром	in the morning	morgens / am Morgen	2904
ухабы	ухабы	pits and bumps	siehe ухаб	2905
аба-ван	аба-ва'н			2906
аббревиатор	аббревиатор		Siehe: аббревиатура	2907
аберрометр	аберрометр			2908
кайса	кайса		Dürraprikose (getrocknete Aprikosenfrucht)	2909
адаптирование	адаптирование			2910
по-азербайджански	по-азербайджа'нски		in Aseri, └ in / auf ┘ Aserbaidshanisch	2911
по-азиатски	по-азиа'тски		asiatisch	2912
ой-ой	ой-о'й		oh, Mensch!	2913
айсбергообразующий	айсбергообразующий			2914
академично	академи'чно		klassisch, klassischen Prinzipien verpflichtet; akademisch (ohne jeden praktischen Nutzen)	2915
аксиоматизация	аксиоматизация			2916
алчно	а'лчно		gierig, begierig, habgierig, habsüchtig, raffsüchtig	2917
анархично	анархи'чно		anarchisch, chaotisch, gesetzlos	2918
анонимно	анони'мно		anonym	2919
апатично	апати'чно		apathisch	2920
рукоплескания	рукоплеска'ния		Händeklatschen, Beifall, Applaus	2921
аргументик	аргументик			2922
аргументированно	аргументи'рованно		mit Argumenten untersetzt, mit Argumenten untermauert; argumentativ, überzeugend	2923
аристократично	аристократи'чно		aristokratisch, adlig, nobel	2924
ароматно	арома'тно		aromatisch, aromatisch duftend, duftend, duftig, wohlriechend, mit angenehmem Bukett	2925
архивно	архи'вно		Archiv-	2926
архиепископат	архиепископат			2927
ассоциативно	ассоциати'вно		assoziativ, assoziiert	2928
атлетский	атлетский			2929
пашто	пашто			2930
по-баварски	по-бава'рски		auf bayrisch	2931
октада	октада			2932
бдить	бдить			2933
перебегнуть	перебегнуть			2934
пробегание	пробегание			2935
побей	побей		siehe побить	2936
бережливо	бережливо		sparsam, wirtschaftlich, haushälterisch	2937
бешенный	бе'шенный	mad, rabid, crazy	n/a	2938
поканчивать	поканчивать			2939
кончено	ко'нчено		Nun reicht's!, Das war's!, Basta!, Punktum!, und Schluss	2940
неограниченно	неограни'ченно		unbegrenzt, unbeschrankt, unumschränkt	2941
обеспокоенно	обеспоко'енно		beunruhigt, unruhig	2942
беспокой	беспокой		siehe беспокоить	2943
беспокоица	беспокоица			2944
битность	битность			2945
побитовый	побитовый			2946
побитно	побитно			2947
оббивка	оббивка		n/a	2948
болого	бо'лого		gut, nun	2949
блатота	блатота			2950
блатовать	блатовать			2951
блистательно	блиста'тельно		brillant, glänzend, vollendet, perfekt	2952
близить	близить			2953
изблизи	изблизи'		von Nahem, aus der Nähe	2954
поближе	побли'же		näher, etwas näher	2955
блюзмен	блюзмен			2956
по-божески	по-бо'жески		gerecht, gütig, mild	2957
богомольческий	богомольческий			2958
по-боевому	по-боевому		kämpferisch	2959
петух-боец	петух-боец			2960
по-болгарски	по-болга'рски		bulgarisch, └ in / auf ┘ Bulgarisch	2961
бор-машина	бор-машина			2962
брачующийся	брачующийся			2963
ругательства	руга'тельства		Siehe: ругательство	2964
братанна	братанна			2965
братолюб	братолюб		Eigenname	2966
братолюбец	братолюбец			2967
броско	броско		auffällig	2968
брянка	брянка			2969
брянчанин	брянчанин			2970
выбунтовать	выбунтовать			2971
добунтовать	добунтовать			2972
набунтовать	набунтовать			2973
сбунтить	сбунтить			2974
бух	бух		bums, peng, knall; mit Karacho; plötzlich, schwups	2975
валом	вало'м		in hellen Scharen	2976
валение	валение			2977
вениковый	вениковый			2978
вещина	вещина			2979
видить	видить			2980
Византия	Византи'я		Byzanz	2981
виконтский	виконтский			2982
Вильна	Ви'льна		Siehe: Вильно	2983
повинить	повинить			2984
обвивка	обвивка			2985
владения	владения			2986
внешностный	внешностный			2987
невнимательно	невнима'тельно		unaufmerksam, zerstreut, abwesend; unhöflich; gleichgültig	2988
военачальница	военачальница			2989
по-военному	по-вое'нному		militärisch; kriegerisch; auf Kriegszeiten bezogen, auf die Armee bezogen	2990
увозти	увозти			2991
волчистый	волчистый			2992
волковать	волковать			2993
волчисто	волчисто			2994
по-волчьи	по-во'лчьи		auf Wolfsart, wie ein Wolf, wie die Wölfe	2995
провоняться	провоняться			2996
воор	воор		n/a	2997
ворофилия	ворофили'я			2998
вульгарно	вульга'рно		vulgär, ordinär, geschmacklos; vereinfacht, verflacht, entstellt	2999
выборочно	выборочно		selektiv, wahlweise, stichprobenartig	3000
избирательно	избира'тельно		selektiv, auswahlsweise, trennscharf	3001
выдержаный	выдержаный		n/a	3002
обыграться	обыграться			3003
переиграться	переиграться			3004
переигрываться	переигрываться			3005
выигрышно	вы'игрышно		vorteilhaft	3006
проигрышно	про'игрышно		Zwischenspiel-, Zwischenstück-	3007
высить	высить			3008
тёрочка	тёрочка			3009
вычислительница	вычислительница			3010
численно	чи'сленно		zahlenmäßig, von der Zahl her	3011
по-вьетнамски	по-вьетна'мски		vietnamesisch, └ in / auf ┘ Vietnamesisch	3012
дубль-вэ	дубль-вэ'			3013
вязко	вя'зко		viskos, zähflüssig; sumpfig, morastig	3014
нежданно-негадано	нежданно-негадано		aus heiterem Himmel	3015
галерник	галерник			3016
брюки-галифе	брю'ки-галифе'			3017
пушка-гаубица	пу'шка-га'убица			3018
по-германски	по-герма'нски		deutsch, germanisch	3019
героинчик	героинчик			3020
диаморфин	диаморфин			3021
герыч	герыч			3022
гердос	гердос			3023
герандос	герандос			3024
гладило	гладило			3025
глобально	глоба'льно		global, weltumspannend, weltweit, auf globaler Ebene, breit, umfassend, generell, allseitig, total, allgemein, universal; besonderer, hauptsächlich	3026
вприглядку	впригля'дку		mehr ansehend als zu sich nehmend, mehr anschauend als zu sich nehmend; rund, ungefähr, zirka, etwa, schätzungsweise, Pi mal Daumen	3027
глядя	гля'дя		je nach, je nachdem, wie es sich ergibt; guckend	3028
говнишко	говнишко			3029
говнистость	говни'стость			3030
говёный	говёный			3031
говнять	говнять			3032
говёно	говёно			3033
какашки	кака'шки		Pl von какашкам (Kacke, Haufen)	3034
голубоглазка	голубоглазка			3035
горче	го'рче		bitterer, weniger süß, ranziger	3036
грабительски	граби'тельски		räuberisch	3037
биграф	биграф			3038
нуль-граф	нуль-граф			3039
псевдограф	псевдограф			3040
суграф	суграф			3041
недогревать	недогревать			3042
недогреть	недогреть			3043
по-гречески	по-гре'чески	speak in Greek	griechisch, └ in / auf ┘ Griechisch	3044
грозушка	грозушка		n/a	3045
гуртьба	гуртьба			3046
давитель	давитель			3047
раздавиться	раздавиться			3048
раздавливаться	раздавливаться			3049
дальноказ	дальноказ			3050
датировочный	датировочный			3051
датировщик	датировщик			3052
в-двадцатых	в-двадца'тых		zwanzigstens	3053
дебело	дебе'ло		fett, feist, massig	3054
девственно	де'вственно		jungfräulich, keusch, rein, unbescholten; unberührt, noch nicht betreten, unverfälscht, ursprünglich	3055
дежурны	дежурны			3056
декановый	декановый			3057
деканол	деканол			3058
дереворубка	деревору'бка			3059
древоеды	древое'ды			3060
древотёрка	древотёрка			3061
древпластики	древпла'стики			3062
дерзновенно	дерзновенно		todesmutig, tollkühn, waghalsig	3063
дерьмоед	дерьмоед			3064
десяточка	деся'точка		Siehe: десяточек	3065
в-десятых	в-деся'тых		zehntens	3066
деятельно	деятельно		tätig, aktiv	3067
действенно	де'йственно		wirksam, wirkungsvoll, effektiv	3068
диаспорический	диаспорический			3069
диаспорный	диаспорный			3070
дипломатский	дипломатский			3071
дипломатично	дипломати'чно		diplomatisch (auf das einem Diplomaten würdige Verhalten bezogen, vorsichtig-salomonisch), feinfühlig, mit Fingerspitzengefühl	3072
дипломатически	дипломати'чески		diplomatisch (auf den diplomatischen Dienst bezogen wie auch – deutlich seltener – vorsichtig-salomonisch)	3073
доблестно	доблестно		heldenmütig, ruhmreich	3074
доказательно	доказа'тельно		überzeugend, zwingend, schlüssig, beweiskräftig	3075
бездоказательно	бездоказа'тельно		unbewiesen, lediglich behauptet, beweislos	3076
домкратик	домкратик			3077
домкратчик	домкратчик			3078
допустимо	допусти'мо		zulässig	3079
доцентка	доцентка			3080
драматизирвать	драматизирвать			3081
дружественно	дру'жественно		freundschaftlich, befreundet	3082
вдув	вдув		Einblasen / Einspritzen	3083
духовочка	духовочка			3084
бездушно	безду'шно		hartherzig, herzlos	3085
по-европейски	по-европе'йски		europäisch, wie in └ Europa / Westeuropa ┘ üblich	3086
Египт	Египт			3087
по-египетски	по-еги'петски		auf ägyptische Art	3088
недоезжать	недоезжать			3089
недоехать	недоехать			3090
ёлки-палки	ёлки-палки		Mein Gott!, Na so ein Mist!, Du kriegst die Tür nicht zu!, Mein lieber Herr Gesangsverein!	3091
ёлочкой	ёлочкой		fächerförmig; diagonal angeordnet (von Parkbuchten), schräg zur Fahrbahn	3092
ёрзание	ёрзание			3093
жалостливо	жалостливо		mitleidig	3094
избжарить	избжарить			3095
сожгут	сожгут		verbrennen, niederbrennen, einäschern	3096
желтушечный	желтушечный			3097
жидко	жи'дко		flüssig, liquid, liquide, dünnflüssig; dünn, nicht kräftig (von Getränken usw.); spärlich, dünn gesät; schmächtig; schwächlich	3098
жиденько	жиденько		flüssig, dünn, spärlich	3099
жидковато	жидкова'то		ziemlich dünn, ziemlich flüssig	3100
пожонглировать	пожонглировать			3101
зажираться	зажираться			3102
забавничанье	забавничанье			3103
забавище	забавище			3104
забавчивый	забавчивый			3105
забавистый	забавистый			3106
забавление	забавление			3107
завдигать	завдигать			3108
займ	займ		siehe заём	3109
занимательй	занимательй			3110
занозиться	занозиться	to make trouble with smb; to have trouble with smb	mit jmdn Stress haben; jmdn auf den Schwanz treten	3111
занимательно	занимательно		anregend, interessant, amüsant	3112
запоем	запо'ем		in einem Zug, in einem Rutsch, hintereinander weg und in grossen Mengen	3113
запорожка	запорожка			3114
заслуженый	заслуженый			3115
зашитник	зашитник		n/a	3116
завторять	завторять			3117
трезвон	трезвон	peal, ringing, gossip, rumours, row, shindy		3118
выздороавливать	выздороавливать			3119
здравствование	здравствование			3120
здравствуй	здра'вствуй		Hallo (informell)	3121
зевный	зевный			3122
по-земному	по-земно'му		über die Erde, Erd-	3123
озернить	озернить			3124
озернять	озернять			3125
знакомо	знако'мо	familiar	bekannt	3126
знаменито	знаменито		berühmt, bekannt	3127
знатно	зна'тно		bekannt, berühmt, angesehen, bedeutend	3128
познавательно	познава'тельно	Educational	kognitiv, auf die  Erkenntnis bezogen, auf die Erkenntnisgewinnung bezogen, auf die Kognition bezogen	3129
значимо	зна'чимо		signifikant	3130
зобогенный	зобогенный			3131
зоопарковый	зоопарковый			3132
зазря	зазря'		für nichts und wieder nichts	3133
ЗеКа	ЗеКа			3134
ЗК	ЗК			3135
идентично	иденти'чно		identisch	3136
тайч	тайч			3137
идиш-тайч	идиш-тайч			3138
одонтоглифика	одонтоглифика			3139
иероглиф-пиктограмма	иероглиф-пиктограмма			3140
псевдоиероглифический	псевдоиероглифический			3141
позднеиероглифический	позднеиероглифический			3142
иеромонахиня	иеромонахиня			3143
иерусалимка	иерусалимка			3144
избыточно	избыточно		reichlich, überflüssig, überschüssig	3145
извините	извини'те	sorry!	Entschuldigen Sie!, Entschuldigung!	3146
изменнически	изме'ннически		verräterisch	3147
аэрофотоизображение	аэрофотоизображение			3148
микроизображение	микроизображение			3149
полиизображение	полиизображение			3150
фотоизображение	фотоизображение			3151
Израил	Израил			3152
Исраэль	Исраэль			3153
индустриально	индустриа'льно		industriell, nach industriellen Verfahren; industriell gefertigt	3154
инертно	ине'ртно		träge, reaktionsträge, inert	3155
безинициативный	безинициативный			3156
институировать	институировать			3157
инструментально	инструмента'льно		Instrumenten-, Werkzeug-, Geräte-, Instrumental	3158
интерактив	интерактив			3159
интерактивность	интерактивность			3160
интерактивщик	интерактивщик			3161
интерактивно	интеракти'вно		interaktiv	3162
интервальчик	интервальчик			3163
школа-интернат	школа-интернат	boarding school	Internatsschule	3164
интим	инти'м			3165
инфляционность	инфляционность			3166
инфраструктурный	инфраструктурный			3167
по-ирландски	по-ирла'ндски		irisch, in / auf Irisch	3168
уникально	уника'льно		einzigartig, als Unikat	3169
по-испански	по-испа'нски		spanisch, in / auf Spanisch	3170
исправленнный	исправленнный			3171
пытливо	пытли'во		neugierig, wissbegierig, prüfend	3172
исчезающе	исчеза'юще		schwindend, verschwindend	3173
итальянизировать	итальянизировать			3174
по-итальянски	по-италья'нски		italienisch, in / auf Italienisch	3175
иудаика	иудаика			3176
иудаистски	иудаистски			3177
по-казахски	по-каза'хски		kasachisch, in / auf Kasachisch, der kasachischen Kultur / Lebensweise / Tradition entsprechend	3178
кактусный	кактусный			3179
календарность	календарность			3180
календарно	календа'рно		kalendarisch	3181
калибрирование	калибрирование			3182
калиброподобный	калиброподобный			3183
камчатец	камчатец			3184
кап-кап	кап-кап			3185
капитально	капита'льно		gründlich, von Grund auf; wie es sich gehört, Klasse	3186
карачиться	карачиться			3187
карусельщица	карусельщица			3188
катализация	катализация			3189
раскаить	раскаить			3190
окатка	окатка			3191
укат	укат			3192
укатайка	укатайка			3193
некачественно	некачественно		von schlechter Qualität, minderwertig	3194
квантованный	квантованный			3195
кенгуриный	кенгуриный			3196
кинематографистка	кинематографистка			3197
кинжальчик	кинжальчик			3198
кинжалища	кинжалища		n/a	3199
кыргыз	кыргыз			3200
кыргызка	кыргызка			3201
кыргызский	кыргызский			3202
по-киргизски	по-кирги'зски		kirgisisch, in / auf Kirgisisch	3203
кирпичище	кирпичище			3204
кирпичность	кирпичность			3205
кис-кис	кис-кис			3206
китиха	китиха			3207
по-китайски	по-кита'йски		chinesisch, in / auf Chinesisch	3208
классификационный	классификационный			3209
клевание	клевание			3210
клопишка	клопишка			3211
клопища	клопища			3212
клоповница	клоповница			3213
клоповар	клоповар			3214
клоповий	клоповий			3215
клоповидный	клоповидный			3216
клятвенно	кля'твенно		eidlich, eidesstattlich	3217
книгодержатель	книгодержатель			3218
книженция	книженция			3219
коалиционность	коалиционность			3220
коалиционно	коалиционно			3221
ковроткачиха	ковроткачиха			3222
ковровидный	ковровидный			3223
коврообразный	коврообразный			3224
ковроподобный	ковроподобный			3225
ковром	ковром		siehe ковёр	3226
кожезаменитель	кожезаменитель			3227
кокетничание	кокетничание			3228
колебательность	колебательность			3229
колебательно	колебательно			3230
количественно	коли'чественно		zahlenmässig, quantitativ	3231
количественность	количественность			3232
коллегиум	коллегиум			3233
коллективчик	коллективчик			3234
коллекционерка	коллекционерка			3235
колоколообразность	колоколообразность		glockenförmig	3236
колоколоподобный	колоколоподобный			3237
колониальность	колониальность			3238
колониалистский	колониалистский			3239
колониально	колониа'льно		kolonial	3240
кололка	кололка			3241
Вашингтон	Вашингто'н		Washington	3242
командирство	командирство			3243
командирствовать	командирствовать			3244
комбайнирование	комбайнирование			3245
комбайностроитель	комбайностроитель			3246
комбайнерский	комбайнерский			3247
комбайноремонтный	комбайноремонтный			3248
комбатский	комбатский			3249
комбинаторность	комбинаторность			3250
комбинаторша	комбинаторша			3251
комбинированность	комбинированность			3252
комбижировый	комбижировый			3253
комбинатовский	комбинатовский			3254
комбисилосный	комбисилосный			3255
комбинационно	комбинационно			3256
комбинированно	комбинированно			3257
комиссация	комиссация			3258
комиссование	комиссование			3259
комитентский	комитентский			3260
коммунальница	коммунальница			3261
коммунальщица	коммунальщица			3262
коммунарский	коммунарский			3263
коммуникативность	коммуникативность			3264
коммуникационность	коммуникационность			3265
коммуницирование	коммуницирование			3266
компетентно	компете'нтно		kompetent, sachkundig, maßgebend, zuständig	3267
комплексификация	комплексификация			3268
комплекснозначность	комплекснозначность			3269
комплексометрия	комплексометрия			3270
комплексонометрия	комплексонометрия			3271
комплексообразование	комплексообразование			3272
комплексообразователь	комплексообразователь			3273
комплекснозначный	комплекснозначный			3274
комплексометрический	комплексометрический			3275
комплексонометрический	комплексонометрический			3276
комплексно	ко'мплексно		komplex	3277
комплектирование	комплектирование			3278
комплектировать	комплектировать			3279
комплектироваться	комплектироваться			3280
комплектно	компле'ктно		abgeschlossen, vollständig	3281
Комсомольск	Комсомольск			3282
конспективно	конспекти'вно		zusammenfassend, komprimiert, kurz gesagt	3283
поконфиденциальничать	поконфиденциальничать			3284
концерновый	концерновый			3285
конюшонок	конюшонок			3286
конюшничать	конюшничать			3287
пригривник	пригривник			3288
накапываться	накапываться			3289
кормность	кормность			3290
корпусировать	корпусировать			3291
корреспондентишка	корреспондентишка			3292
корреспондеция	корреспондеция			3293
исикоса	исикоса			3294
космополитка	космополитка			3295
кощунья	кощунья			3296
кощунственность	кощунственность			3297
кощунский	кощунский			3298
кощунственно	кощу'нственно		lästerlich, frevelhaft, gotteslästerlich, schändlich, schamlos	3299
красочка	красочка		Eigenname	3300
красногвардейка	красногвардейка			3301
крейсерование	крейсерование			3302
крепкость	крепкость			3303
кривенько	кри'венько		etwas krumm, etwas schief	3304
кривовато	кривова'то		ein wenig krumm	3305
кричаший	кричаший			3306
крикливо	крикли'во		laut, kreischend	3307
кристаллин	кристаллин			3308
кристально	криста'льно		kristallklar, kristallen, makellos	3309
раскорвянить	раскорвянить			3310
крошечность	крошечность			3311
кружавчик	кружавчик			3312
кружевник	кружевник			3313
клёво	клёво		toll, poppig, astrein, scharf, angesagt, taff, super, cool, geil, prima, fett	3314
крымчанин	крымча'нин			3315
раскрываемость	раскрываемость			3316
крючочный	крючочный			3317
кря-кря	кря-кря			3318
кубриковый	кубриковый			3319
кубричный	кубричный			3320
кульурный	кульурный			3321
культуристский	культуристский			3322
курчёнок	курчёнок			3323
курочник	курочник			3324
курятня	курятня			3325
курокрад	курокрад			3326
курохват	курохват			3327
куроядец	куроядец			3328
куролапый	куролапый			3329
по-куриному	по-куриному			3330
по-курьи	по-курьи			3331
курваль	курваль			3332
курвёнок	курвёнок			3333
курвин	курвин			3334
курвиный	курвиный			3335
курвиться	курвиться			3336
курвяжиться	курвяжиться			3337
курвяжища	курвяжища			3338
курвяжница	курвяжница			3339
курвяжный	курвяжный			3340
вкушание	вкушание			3341
кусковый	кусковый			3342
кусочный	кусочный			3343
укушавшийся	укушавшийся			3344
кусочничать	кусочничать			3345
безвкусно	безвкусно		ohne Geschmack, fade, geschmacklos	3346
вприкуску	вприку'ску		abbeissend, dazu lutschend	3347
ладаница	ладаница			3348
ласочий	ласочий			3349
заледенело	заледене'ло		vereist, eisig, kalt	3350
лекарственно	лека'рственно		Heilmittel-, medikamentös, Heil-	3351
лекционность	лекционность			3352
Санкт-Петербург	Санкт-Петербу'рг		Sankt Petersburg	3353
леточисление	леточисление			3354
лживенький	лживенький			3355
лживо	лживо		verlogen	3356
ливийский	ливи'йский		libysch	3357
лидерша	лидерша			3358
липчанин	липчанин			3359
лирочка	лирочка			3360
лисолов	лисолов			3361
лисячий	лисячий			3362
лисовать	лисовать		n/a	3363
по-лисьи	по-ли'сьи		auf Fuchsart, wie ein Fuchs	3364
по-лисичьи	по-лисичьи			3365
лисочка	лисочка			3366
листка	листка			3367
литературоведка	литературоведка			3368
по-литовски	по-лито'вски		litauisch, auf Litauisch	3369
долив	долив			3370
лиходействовать	лиходействовать			3371
мина-ловушка	ми'на-лову'шка			3372
взломаться	взломаться			3373
заломаться	заломаться			3374
ломаная	ло'маная		Siehe: ломаный	3375
лук-батун	лук-батун			3376
лук-татарка	лук-татарка			3377
лук-чеснок	лук-чеснок			3378
залунный	залунный			3379
стереолупа	стереолу'па			3380
диалупа	диалупа			3381
лучемёт	лучемёт			3382
лучеобразно	лучеобра'зно		strahlenförmig	3383
лучезарно	лучеза'рно		strahlend, leuchtend, sonnig	3384
лычка	лычка			3385
лысеющий	лысеющий			3386
люстровый	люстровый			3387
лягуша	лягуша			3388
квак	квак			3389
ква-ква	ква-ква			3390
мажоранта	мажоранта			3391
мажорирующий	мажорирующий			3392
мажорировать	мажорировать			3393
мажорно	мажо'рно		lebendig, fröhlich, aufgeweckt, heiter; in Dur gehalten; Sonderklasse-, Oberklasse-, Nobel-, spießig, aufgeblasen, eingebildet, arrogant	3394
промазываться	промазываться			3395
малить	малить			3396
перень	перень			3397
перенёк	перенёк			3398
мамочки	ма'мочки		Siehe: мамочка	3399
Маньчжу	Маньчжу			3400
Маньчжоули	Маньчжоули			3401
марафонец	марафонец			3402
манганат	манганат			3403
марионеточка	марионеточка			3404
маркизат	маркизат			3405
марш-манёвр	марш-манёвр			3406
безмассовый	безмассовый			3407
массивно	масси'вно		massiv, massig, wuchtig	3408
массово	ма'ссово		massenhaft	3409
масштабно	масшта'бно		Maßstab-, maßstabsgetreu	3410
материалический	материалический			3411
матершина	матершина		n/a	3412
матричка	матричка			3413
махачкалинец	махачкалинец			3414
мегафонный	мегафонный			3415
по-медвежьи	по-медве'жьи		auf Bärenart, wie die Bären	3416
мелодизм	мелодизм			3417
лягавый	лягавый			3418
немереваться	немереваться			3419
мертвецки	мертве'цки		Toten-	3420
ПМЖ	ПМЖ			3421
месячные	ме'сячные		Siehe: месячный	3422
метафорика	метафорика			3423
механично	механи'чно		maschinell	3424
механистически	механисти'чески		mechanistisch	3425
рыба-меч	рыба-меч			3426
мешка	мешка		siehe мешок	3427
мешковидный	мешковидный			3428
мешковой	мешковой		Eigenname	3429
Мещанинов	Мещанинов			3430
мещановатый	мещановатый			3431
мещански	меща'нски		spießbürgerlich, philisterhaft	3432
намещаниться	намещаниться			3433
по-мещански	по-меща'нски		bürgerlich	3434
милосердство	милосердство			3435
милосердно	милосе'рдно		barmherzig	3436
помилосерднее	помилосерднее			3437
милосерднее	милосерднее			3438
минчанка	минча'нка			3439
минчане	минчане			3440
мировоззренчески	мировоззре'нчески		ideologisch, weltanschaulich	3441
сколькие	ско'лькие			3442
несколькие	не'сколькие	several, some, a few	einige	3443
столькие	столькие			3444
можжевельный	можжевельный			3445
мозолька	мозолька			3446
по-молдавски	по-молда'вски		moldauisch	3447
моложаво	моложа'во		jugendlich, jünger aussehend	3448
намалываться	намалываться			3449
намолоться	намолоться			3450
мололка	мололка			3451
белокаменная	белока'менная		Siehe: белокаменный	3452
златоглавая	златогла'вая		Siehe: златоглавый	3453
по-московски	по-моско'вски		auf Moskauer Art	3454
мультфильмовский	мультфильмовский		Zeichentrick-, Cartoon-	3455
Мурман	Мурман			3456
мухоловный	мухоловный			3457
мясисто	мяси'сто		fleischig	3458
наборчик	наборчик			3459
водяниковые	водяниковые			3460
Надя	На'дя			3461
назначиться	назначиться			3462
наихороший	наихороший			3463
наличка	наличка			3464
напряг	напряг			3465
напряжный	напряжный			3466
напряжно	напряжно			3467
находчивать	находчивать			3468
светло-голубой	светло-голубой			3469
несмыслящий	несмыслящий			3470
недумающий	недумающий			3471
верящий	верящий			3472
афро-американец	афро-америка'нец			3473
пентакварк	пентакварк			3474
тау-лептон	тау-лептон			3475
отталкивающе	отталкивающе		abstoßend, abscheulich, widerlich, hässlich	3476
притерпеть	притерпеть			3477
притерпевать	притерпевать			3478
дотерпеться	дотерпеться			3479
оттерпеться	оттерпеться			3480
нижина	нижина			3481
низенько	ни'зенько		ziemlich klein, ziemlich untersetzt	3482
низменно	ни'зменно		tiefliegend, niederträchtig, niedrig	3483
нищить	нищить			3484
нищенски	нищенски		winzig, mickrig, klein	3485
новороссиец	новороссиец			3486
новороссийка	новороссийка			3487
новороссийский	новороссийский			3488
новосибирец	новосибирец			3489
новосибирка	новосибирка			3490
новьё	новьё			3491
новоприбретённый	новоприбретённый			3492
ножевидный	ножевидный		schneidenförmig	3493
обаятельно	обаятельно		bezaubernd	3494
обманность	обманность			3495
обманно	обма'нно		betrügerisch	3496
обманчиво	обма'нчиво		trügerisch, täuschend	3497
оборотик	оборотик		n/a	3498
оборотка	оборотка			3499
вервольф	вервольф			3500
обширно	обши'рно		umfangreich / weitreichend, umfassend, groß; geräumig / weitläufig, ausgedehnt	3501
поясняться	поясняться			3502
ясненько	ясне'нько	mmmokay	glasklar, sonnenklar	3503
вынужден	вынужден			3504
архангелогородец	архангелогородец			3505
одесситский	одесситский			3506
город-мама	город-мама			3507
оказанный	оказанный			3508
оккупантка	оккупантка			3509
флексия	фле'ксия	inflexion		3510
омич	омич			3511
неопасливый	неопасливый			3512
заопасаться	заопасаться			3513
неопасно	неопа'сно		harmlos, ungefährlich	3514
опоясывание	опоясывание			3515
оптимистичность	оптимистичность			3516
организаторски	организа'торски		organisatorisch	3517
оренбуржец	оренбуржец			3518
оригинально	оригинально		Original-, original, echt, originell	3519
осёдлывание	осёдлывание			3520
безосколочность	безосколочность			3521
осколочность	осколочность			3522
безосколочный	безосколочный			3523
безоскольчатый	безоскольчатый			3524
начала	начала			3525
осмотрительно	осмотри'тельно		umsichtig, vorsichtig	3526
берегись	береги'сь	watch out, be careful	pass auf	3527
остроглазный	остроглазный		scharfsichtig, mit scharfem Blick	3528
отдельчик	отдельчик			3529
оличить	оличить		n/a	3530
окей	оке'й	okay, ok	okay	3531
пропечетать	пропечетать			3532
безотрывно	безотры'вно		nebenberuflich, im Fernstudium	3533
наперерыв	напереры'в		einander unterbrechend, sich gegenseitig ins Wort fallend	3534
срыву	сры'ву		mit einer heftigen Handbewegung, mit einem heftigen Stoß, mit einem heftigen Schlag, mit einer heftigen einer Drehung	3535
урывочками	уры'вочками		schubweise, stückchenweise, ab und zu, immer mal	3536
взрывоопасно	взрывоопа'сно		leicht explodierend, explosionsgefährdet	3537
ФИО	ФИО'	last name first name patronymic	└ fio/FIO/f. i. o. ┘ (free in and out = freies Ein- und Ausladen)	3538
бункер-поезд	бункер-поезд			3539
дизель-поезд	дизель-поезд			3540
поездочный	поездочный			3541
переездить	переездить			3542
охотнее	охо'тнее		lieber	3543
осчитка	осчитка			3544
падений	падений			3545
пакленный	пакленный			3546
по-палестински	по-палести'нски		palästinensisch	3547
памятность	памятность			3548
памятно	памятно			3549
запомнившийся	запомнившийся			3550
пара-тройка	пара-тройка			3551
парадик	парадик			3552
паразитый	паразитый			3553
парализатор	парализатор			3554
парализованый	парализованый			3555
параллелизация	параллелизация			3556
параллелизовать	параллелизовать			3557
параноид	параноид			3558
параноидизм	параноидизм			3559
параноидальный	параноидальный			3560
рубаха-парень	рубаха-парень			3561
партячейка	партячейка			3562
прихожане	прихожане			3563
верующие	верующие			3564
паузовый	паузовый			3565
паханский	паханский			3566
певуче	певуче			3567
певчески	певчески			3568
напевно	напевно			3569
испекать	испекать			3570
Бэйцзин	Бэйцзин			3571
пельменница	пельменница			3572
пельменный	пельменный			3573
пельменщик	пельменщик			3574
пельменщица	пельменщица			3575
пекарь-пельменщик	пекарь-пельменщик			3576
пенки	пе'нки		Siehe: пенка	3577
пенёчный	пенёчный			3578
пнёвый	пнёвый			3579
пепельник	пепельник			3580
пергаментик	пергаментик			3581
пергаментирование	пергаментирование			3582
проворот	проворот		Kurbel	3583
перевёртывание	перевёртывание			3584
задачный	задачный			3585
дано	да'но	given, capable	zuteil werden, gegeben sein	3586
перестановочный	перестановочный			3587
периодично	периодично			3588
пермчанин	пермчанин			3589
санктпетербуржец	санктпетербу'ржец			3590
петербурженка	петербурженка			3591
пропевать	пропевать			3592
распевание	распевание			3593
печатно	печа'тно			3594
припёка	припёка			3595
пигмейка	пигмейка			3596
пикинёр	пикинёр			3597
пикетированный	пикетированный			3598
пикетироваться	пикетироваться			3599
пикетный	пикетный			3600
вины	вины			3601
вини	ви'ни			3602
пилево	пилево			3603
пионербол	пионербол			3604
первопроходческий	первопроходческий			3605
буканьер	буканьер			3606
пирожочек	пирожочек			3607
пискучий	пискучий			3608
пискливо	пискливо			3609
пискляво	пискляво		quietschend	3610
пищание	пищание			3611
подпитывать	подпи'тывать			3612
запитывание	запитывание			3613
пиявочка	пиявочка			3614
платинопромышленность	платинопромышленность			3615
плащёвка	плащёвка			3616
доплёвывать	доплёвывать			3617
переплёвывать	переплёвывать			3618
пленарка	пленарка			3619
пленарность	пленарность			3620
плесневелость	плесневелость			3621
плесневение	плесневение			3622
плясаться	плясаться			3623
шеф-повар	шеф-по'вар	chef, head-cook	Chefkoch, Küchenchef	3624
высоковато	высокова'то		ziemlich hoch, recht hoch	3625
возвышенно	возвышенно			3626
завышенно	завышенно		überhöht, überbewertet, überteuert	3627
беспогонный	беспогонный			3628
подготовленный	подготовленный			3629
подготовочный	подготовочный			3630
готово	готово		bereit; fertig	3631
приготовления	приготовле'ния		Siehe: приготовление	3632
кованость	кованость			3633
гиппосандалия	гиппосандалия			3634
подкупленный	подкупленный			3635
подлая	по'длая		Siehe: подлый	3636
подобность	подобность			3637
подобострастно	подобострастно			3638
падонак	падо'нак			3639
подражательно	подражательно			3640
зарядник	зарядник			3641
рядком	рядко'м		ganz in der Nähe, gleich hier / dort, unmittelbar daneben, (gleich) nebenan	3642
нарядно	нарядно			3643
вагон-холодильник	вагон-холодильник	refrigerator van		3644
вагон-платформа	вагон-платформа			3645
вагон-ресторан	ваго'н-рестора'н		Speisewagen	3646
позднее	поздне'е	later	später, danach	3647
воззирать	воззирать			3648
взорить	взорить			3649
взорно	взорно			3650
зрительно	зри'тельно		sichtbar, optisch; für den Zuschauer bestimmt, für das Publikum bestimmt	3651
умозрительно	умозри'тельно		spekulativ, abstrakt	3652
пользительно	пользи'тельно		nützlich, nutzbringend, vorteilhaft; gesund, bekömmlich, gut	3653
расплолзаться	расплолзаться			3654
расплолзтись	расплолзтись			3655
уложенность	уложенность			3656
полосчатый	полосчатый			3657
природопользователь	природопользователь			3658
водопользовательский	водопользовательский			3659
недропользовательский	недропользовательский			3660
природопользовательский	природопользовательский			3661
недоиспользоваться	недоиспользоваться			3662
пшечка	пшечка			3663
ляшка	ляшка			3664
успомнить	успомнить			3665
помощничек	помощничек			3666
вспоможествовать	вспоможествовать			3667
помпаж	помпаж			3668
понятийность	понятийность			3669
понятийно	понятийно			3670
поповство	поповство			3671
поповец	поповец			3672
беглопоповец	беглопоповец			3673
попугаиха	попугаиха			3674
попугайчиха	попугайчиха			3675
попугаица	попугаица			3676
попугайка	попугайка			3677
попугаишка	попугаишка			3678
попугаичий	попугаичий			3679
попугайский	попугайский			3680
попугайный	попугайный			3681
попугаевый	попугаевый			3682
попугайничество	попугайничество			3683
попугайствовать	попугайствовать			3684
порноактёр	порноактёр			3685
порноактриса	порноактриса			3686
порнографичный	порнографичный			3687
порнозвезда	порнозвезда			3688
порнофильм	порнофильм			3689
порты	порты			3690
портретность	портретность			3691
портретно	портретно			3692
подсадной	подсадной			3693
советник-посланник	советник-посланник			3694
непротиворечивость	непротиворечивость			3695
следящий	следящий			3696
последовавший	последовавший			3697
послушнический	послушнический			3698
послушничать	послушничать			3699
стройно	стройно		schlank, gut gebaut, harmonisch, geordnet, gut aufgebaut	3700
требователь	требователь			3701
Джек-Потрошитель	Дже'к-Потроши'тель			3702
по-походному	по-похо'дному		wie bei einem Ausflug, wie bei einer Wanderung	3703
низкопробно	низкопро'бно		minderwertig	3704
практично	практи'чно		praktisch	3705
постановщикзаставка	постановщикзаставка			3706
устоявший	устоявший			3707
представительно	представи'тельно		repräsentativ, eindrucksvoll, beeindruckend	3708
предубедиться	предубедиться			3709
предубеждаться	предубеждаться			3710
предусмотрение	предусмотрение			3711
предшествовенник	предшествовенник			3712
опреснок	опреснок			3713
прецедентик	прецедентик			3714
прецедентность	прецедентность			3715
прибыльно	при'быльно		einträglich, gewinnbringend	3716
привередничание	привередничание			3717
привередливо	привере'дливо		nörglerisch	3718
козлогласие	козлогласие			3719
козлогласный	козлогласный			3720
четырёхголосный	четырёхголосный	four-part		3721
козлогласно	козлогласно			3722
полугласно	полугла'сно		unter dem Mantel der Verschwiegenheit, im Geheimen, hinter vorgehaltener Hand	3723
приданное	приданное		siehe приданный	3724
прикольчик	прикольчик			3725
непреложно	непреложно			3726
приманивание	приманивание			3727
применительный	применительный			3728
приобретеньице	приобретеньице			3729
припевание	припевание			3730
едино	едино		einheitlich; einzig, alleinig; einig, einmütig	3731
пристрой	пристрой			3732
пробочница	пробочница			3733
проблемно	проблемно			3734
проблематично	проблемати'чно		problematisch, diffizil, fragwürdig, spekulativ, fraglich, zweifelhaft	3735
программность	программность			3736
программно	програ'ммно		softwareseitig, auf ein Programm bezogen; programmatisch	3737
прогрессор	прогрессор			3738
прогрессивно	прогресси'вно			3739
прогрссирующий	прогрссирующий			3740
кормораздаточный	кормораздаточный			3741
прокуроришко	прокуроришко			3742
прокурорище	прокурорище			3743
прокурорша	прокурорша			3744
проливка	проливка			3745
промазывание	промазывание			3746
промежностный	промежностный			3747
помеж	помеж			3748
помежду	помежду			3749
промышленница	промышленница			3750
проницательно	проницательно			3751
пропеллерчик	пропеллерчик			3752
позарывать	позарывать		---	3753
позарываться	позарываться			3754
простецки	просте'цки		schlicht, von schlichter Denkungsart, dümmlich, naiv, einfach gestrickt	3755
упрощённо	упрощённо		vereinfacht	3756
простительно	прости'тельно			3757
протестующе	протесту'юще		protestierend	3758
супротив	супроти'в		entgegen; gegenüber; gegen	3759
противоположно	противополо'жно		gegenüberliegend, entgegengesetzt, gegensätzlich, gegenteilig	3760
противоречиво	противоречи'во		widersprüchlich	3761
непротиворечиво	непротиворечиво			3762
профанский	профанский			3763
профессорша	профессорша			3764
профессорствовать	профессорствовать			3765
проявляющийся	проявляющийся			3766
напрыгнуть	напрыгнуть			3767
пряжечка	пряжечка			3768
псковитянка	псковитянка			3769
птах	птах			3770
пузико	пузико			3771
пукнуть	пу'кнуть	fart		3772
пукало	пукало			3773
пунктовый	пунктовый			3774
пунктрирный	пунктрирный			3775
пунец	пунец			3776
запускаться	запуска'ться	start up	starten, anspringen (Motor); └ gestartet / angelassen / losgelassen ┘ werden; vernachlässigt werden	3777
запущеный	запущеный			3778
пуховой	пуховой			3779
вспухание	вспухание			3780
опухание	опухание			3781
припухание	припухание			3782
пушистик	пушистик			3783
фуррь	фуррь			3784
напыление	напыление			3785
напылять	напылять			3786
пыточка	пыточка			3787
запытать	запытать			3788
пьянь	пьянь			3789
пядка	пядка			3790
пяденька	пяденька			3791
прорабатывание	прорабатывание			3792
разрабатывание	разрабатывание			3793
рабски	ра'бски		als Sklave, wie die Sklaven, sklavisch	3794
квазиравновесие	квазиравновесие			3795
квазиравновесный	квазиравновесный			3796
неравновесный	неравновесный			3797
доуравновесить	доуравновесить			3798
доуравновеситься	доуравновеситься			3799
доуравновешивать	доуравновешивать			3800
доуравновешиваться	доуравновешиваться			3801
недоуравновесить	недоуравновесить			3802
недоуравновеситься	недоуравновеситься			3803
недоуравновешивать	недоуравновешивать			3804
недоуравновешиваться	недоуравновешиваться			3805
поуравновешивать	поуравновешивать			3806
поуравновешиваться	поуравновешиваться			3807
квазиравновесно	квазиравновесно			3808
неравновесно	неравновесно			3809
равновесно	равнове'сно		gleichgewichtig, ausgewogen	3810
эгалитарность	эгалитарность			3811
РЛС	РЛС			3812
радирование	радирование			3813
радистский	ради'стский			3814
полудиаметр	полудиаметр			3815
ведом	ве'дом		Siehe: ведомый	3816
ведаться	ведаться			3817
контрразведчица	контрразведчица			3818
разводимость	разводимость			3819
развитсья	развитсья			3820
развязанный	развязанный			3821
разговорец	разговорец			3822
разговорность	разговорность			3823
разговорённый	разговорённый			3824
сплетни	сплетни			3825
раздваивание	раздваивание			3826
разминочный	разминочный			3827
разнообрзаный	разнообрзаный			3828
разработанный	разработанный			3829
разрезывать	разрезывать			3830
разрушительница	разрушительница			3831
разрушительно	разрушительно		zerstörerisch, vernichtend, verderblich	3832
разламывание	разламывание			3833
разваливание	разваливание			3834
разрывание	разрывание			3835
расок	расок			3836
раковинка	раковинка			3837
границы	границы		siehe граница	3838
пределы	пределы		siehe предел	3839
расология	расология			3840
европеоиды	европеоиды			3841
монголоиды	монголоиды			3842
распятый	распятый			3843
рассказаться	рассказаться			3844
рассмотр	рассмотр			3845
расстроенность	расстроенность		Fehlausrichtung, Fehlanpassung; Fehlabstimmung, Verstimmung	3846
расстраивание	расстраивание			3847
дисбаланс	дисбала'нс		Ungleichgewicht	3848
разлаживание	разлаживание			3849
рассчёт	рассчёт			3850
заросли	заросли		Gestrüpp, Dickicht	3851
растяжной	растяжной			3852
расчёсочка	расчёсочка			3853
расчёс	расчёс			3854
расчёсанный	расчёсанный			3855
обсчитывание	обсчитывание			3856
расширительно	расширительно			3857
расщелинка	расщелинка			3858
расщеливание	расщеливание			3859
расщелить	расщелить			3860
расщелять	расщелять			3861
расщелиться	расщелиться			3862
расщеляться	расщеляться			3863
реакционноспособный	реакционноспособный			3864
реакционно	реакционно			3865
псевдореализм	псевдореализм			3866
реалистично	реалистично			3867
реалистически	реалисти'чески		realistisch	3868
матч-реванш	матч-реванш		Rückspiel	3869
ревностно	ревностно			3870
регламентатор	регламентатор			3871
регламентирование	регламентирование			3872
регламентированность	регламентированность			3873
регламентированный	регламентированный			3874
регламентироваться	регламентироваться			3875
редисочка	редисочка			3876
редисовый	редисовый			3877
режимность	режимность			3878
режимщик	режимщик			3879
режимить	режимить			3880
резидентка	резидентка			3881
надрезаться	надрезаться			3882
прирезаться	прирезаться			3883
урезаться	урезаться			3884
результировать	результировать			3885
результативно	результативно			3886
Рейнланд	Рейнланд			3887
рекламно	рекламно			3888
рекогносцирование	рекогносцирование			3889
рекогносцироваться	рекогносцироваться			3890
завкафедрой	завкафедрой			3891
репетиторша	репетиторша			3892
репетирование	репетирование			3893
репетичный	репетичный			3894
репортировать	репортировать			3895
репортёрство	репортёрство			3896
репортёрский	репортёрский			3897
подрессоренный	подрессоренный			3898
рессоренный	рессоренный			3899
решание	решание			3900
ржачка	ржачка			3901
рижанка	рижанка			3902
рикошетом	рикошетом			3903
рискованно	риско'ванно	risky		3904
отрисовывать	отрисовывать			3905
отрисовать	отрисовать			3906
отрисовка	отрисо'вка			3907
рисованый	рисованый			3908
отрисоваться	отрисоваться			3909
отрисовываться	отрисовываться			3910
роботизированый	роботизированый			3911
вырожденный	вырожденный			3912
народый	народый	Popular, folk.; national		3913
уродски	уро'дски		hässlich, scheußlich, widerwärtig, abstoßend, assig, abnormal	3914
по-уродски	по-уро'дски		widerwärtig	3915
по-родственному	по-ро'дственному		verwandtschaftlich	3916
по-родительски	по-родительски			3917
принародно	принаро'дно		vor aller Augen, in aller Öffentlichkeit	3918
родственники	ро'дственники		Siehe: родственник	3919
электророзетка	электророзетка			3920
розовость	розовость			3921
бледно-красный	бледно-красный			3922
рок-музыка	рок-музыка		Rockmusik	3923
ролевик	ролевик			3924
ролевой	ролево'й			3925
зарубочка	зарубочка			3926
мясорубочка	мясорубочка			3927
рубаночек	рубаночек			3928
рубильничек	рубильничек			3929
рубинчик	рубинчик			3930
рубиново	рубиново			3931
карбованець	карбованець			3932
адзін	адзін			3933
руинировать	руинировать			3934
безручка	безручка			3935
двуручка	двуру'чка			3936
зарукавье	зарука'вье			3937
наручни	на'ручни			3938
ручнист	ручни'ст			3939
худрук	худру'к			3940
короткорукий	короткору'кий			3941
приручённый	приручённый			3942
обезручить	обезру'чить		(jemanden) einer Hand / eines Arms / beider Hände / Arme berauben, (jemandem) eine Hand / einen Arm / beide Hände / Arme abschlagen	3943
рулёжка	рулёжка			3944
по-румынски	по-румы'нски		rumänisch; in / auf Rumänisch	3945
купалка	купалка			3946
мавка	мавка			3947
шутовка	шутовка			3948
рыбочка	рыбочка			3949
рыжесть	рыжесть			3950
рыжина	рыжина			3951
келюх	келюх			3952
лафитник	лафи'тник			3953
рюмаха	рюмаха			3954
шлюмка	шлюмка			3955
рязанец	рязанец			3956
рязанка	рязанка			3957
салфеточница	салфеточница			3958
самурайчик	самурайчик			3959
саркастично	саркастично			3960
сахалинка	сахалинка			3961
свеколка	свеколка			3962
секулярный	секулярный			3963
свинюшка	свинюшка			3964
свин	свин			3965
свинячество	свинячество			3966
свински	сви'нски		schweinisch, versaut	3967
по-свински	по-сви'нски		schweinisch, wie die Schweine, niederträchtig, ungehörig, gemein, schlecht	3968
навязчиво	навязчиво		aufdringlich, zudringlich, unablässig	3969
ненавязчиво	ненавя'зчиво		unaufdringlich, dezent	3970
священнослужительница	священнослужительница			3971
выгар	выгар			3972
выгорание	выгорание	burnout	Ausbrennen, Burnout; Ausbleichen	3973
гар	гар			3974
дымогар	дымогар			3975
изгар	изгар			3976
изгара	изгара			3977
негарь	негарь			3978
недогар	недогар			3979
обгар	обгар			3980
отгар	отгар			3981
отгорание	отгорание			3982
погорелица	погорелица			3983
подгорание	подгорание			3984
пригарок	пригарок			3985
прогорание	прогорание			3986
разгорание	разгорание			3987
угарина	угарина			3988
угарыш	угарыш			3989
угорание	угорание			3990
сделочка	сделочка			3991
полдничный	полдничный			3992
каждодневно	каждодневно			3993
седловой	седловой			3994
совсекретный	совсекретный			3995
секретить	секретить			3996
секретиться	секретиться			3997
совсекретно	совсекретно			3998
секрецировать	секрецировать			3999
сексапильный	сексапи'льный			4000
семантически	семанти'чески		semantisch	4001
по-сербски	по-се'рбски		serbisch, in / auf Serbisch	4002
сорб	сорб			4003
сервачок	сервачок			4004
блейд-сервер	блейд-сервер			4005
сервак	серва'к			4006
бессеребреник	бессеребреник			4007
серебрянник	серебрянник			4008
сертифицировать	сертифици'ровать			4009
сетевуха	сетевуха			4010
сеулец	сеулец			4011
засекание	засекание			4012
иссекание	иссекание			4013
надсекание	надсекание			4014
рассекание	рассекание			4015
усекание	усекание			4016
символически	символи'чески		symbolisch	4017
эмпатия	эмпатия			4018
симптомчик	симптомчик			4019
симтоматика	симтоматика			4020
симтоматично	симтоматично			4021
симферополец	симферополец			4022
симферопольский	симферопольский			4023
снтаксический	снтаксический			4024
синтетически	синтети'чески		synthetisch	4025
диазокопия	диазокопия			4026
ситуационно	ситуацио'нно		situativ, situationsbedingt, situationsabhängig	4027
сифонирование	сифонирование			4028
сифонировать	сифонировать			4029
сицилиец	сицилиец			4030
сицилиский	сицилиский			4031
скандально	сканда'льно		skandalös, anstößig, händelsüchtig	4032
скатыватья	скатыватья			4033
скачком	скачком		siehe скачок	4034
скачкообразно	скачкообра'зно		sprunghaft	4035
недокачать	недокачать			4036
сквозняковый	сквозняковый			4037
скифство	скифство			4038
склонняемость	склонняемость			4039
поклонить	поклонить			4040
поклонять	поклонять			4041
скорпионий	скорпионий			4042
скромненько	скро'мненько		ganz bescheiden	4043
высокоскулый	высокоскулый			4044
узкоскулый	узкоскулый			4045
скульптурка	скульптурка			4046
скульптурочка	скульптурочка			4047
скульптурища	скульптурища			4048
скульптурище	скульптурище			4049
скульптуральный	скульптуральный			4050
по-скульпторски	по-скульпторски			4051
скульптурально	скульптурально			4052
скульптурно	скульпту'рно		Bildhauer-, Skulpturen-, plastisch	4053
сладострастно	сладостра'стно		wollüstig, sinnlich	4054
непредвиденно	непредвиденно		unvorhergesehen	4055
нерегулярно	нерегуля'рно		unregelmäßig	4056
слышность	слышность			4057
посмертие	посмертие			4058
смешанно	сме'шанно		vermischt, gemischt	4059
смоленец	смоленец			4060
умышленый	умышленый			4061
неумышленый	неумышленый			4062
мыслительно	мысли'тельно		geistig	4063
неумышленно	неумы'шленно		unabsichtlich, nicht vorsätzlich	4064
мыслимо	мы'слимо		vorstellbar, denkbar	4065
Белоснежка	Белосне'жка			4066
заснежить	заснежи'ть			4067
снимочек	снимочек			4068
снобство	снобство			4069
снобский	снобский			4070
снобствовать	снобствовать			4071
снопишко	снопишко			4072
снопище	снопище			4073
снопина	снопина			4074
снопоклад	снопоклад			4075
сноповозка	сноповозка			4076
снопчатый	снопчатый			4077
сноповозный	сноповозный			4078
по-собачьи	по-соба'чьи		wie ein hunde, hundeartig	4079
соболезнующий	соболезнующий			4080
соболезновательный	соболезновательный			4081
пособолезновать	пособолезновать			4082
соборно	соборно			4083
соборне	соборне			4084
собирательский	собирательский			4085
собранно	собранно			4086
собутыльница	собутыльница			4087
совмещённый	совмещённый			4088
совдеповец	совдеповец			4089
совхозник	совхозник			4090
совхозница	совхозница			4091
соглашательски	соглаша'тельски		versöhnlich, kompromisslerisch, liberal	4092
консонантный	консона'нтный			4093
содержательно	содержательно			4094
созидательно	созидательно			4095
рацио	рацио			4096
соня-полчок	со'ня-полчо'к			4097
снотоврное	снотоврное			4098
снотоврный	снотоврный			4099
соотнестись	соотнестись			4100
соперничек	соперничек			4101
посоперничать	посоперничать			4102
ратолюбивый	ратолюбивый			4103
соревновательность	соревновательность			4104
сорнячок	сорнячок			4105
белобока	белобока			4106
сортовой	сортовой			4107
ссасываться	ссасываться			4108
ссосаться	ссосаться			4109
ссасывание	ссасывание			4110
взасос	взасос			4111
соседствующий	соседствующий			4112
составленный	составленный			4113
составляющий	составляющий			4114
ткачик	ткачик			4115
несотрудничество	несотрудничество			4116
сотрудничанье	сотрудничанье			4117
сотруженик	сотруженик			4118
сотруженица	сотруженица			4119
литсотрудник	литсотрудник			4120
коллаборация	коллаборация			4121
эон	эон			4122
Софья	Со'фья			4123
ссыхать	ссыхать			4124
ссохнуть	ссохнуть			4125
социологиня	социологиня			4126
социологичка	социологичка			4127
макросоциология	макросоциология			4128
микросоциология	микросоциология			4129
экосоциология	экосоциология			4130
этносоциология	этносоциология			4131
социологически	социологи'чески		soziologisch	4132
социологично	социологично			4133
сочетаньице	сочетаньице			4134
сочетатель	сочетатель			4135
сочетательница	сочетательница			4136
спектрофотометр	спектрофотометр			4137
спектрополяриметрия	спектрополяриметрия			4138
спектрографический	спектрографический			4139
спектрополяриметрический	спектрополяриметрический			4140
спектрально	спектрально			4141
украденный	украденный		gestohlen	4142
узкофункциональный	узкофункциональный			4143
опешивать	опешивать			4144
списочный	списочный			4145
списком	списком			4146
сплавление	сплавление			4147
сплавленный	сплавленный			4148
сплавливать	сплавливать			4149
сплавливаться	сплавливаться			4150
сплавщица	сплавщица			4151
сплавконтора	сплавконтора			4152
плавающий	плавающий			4153
сплетнический	сплетнический			4154
спонсорство	спонсорство			4155
спонсорша	спонсорша			4156
спонсорский	спо'нсорский		Sponsoren-, gesponsert	4157
спонсируемый	спонсируемый			4158
спонсировать	спонсировать			4159
спонсироваться	спонсироваться			4160
спортивно	спортивно		sportlich	4161
неспортивно	неспортивно			4162
спрашивание	спрашивание			4163
ссорщик	ссорщик			4164
ссорщица	ссорщица			4165
ссорный	ссорный			4166
ставрополец	ставрополец			4167
ставрополька	ставрополька			4168
сталкерский	сталкерский			4169
сталкерство	сталкерство			4170
сталкерша	сталкерша			4171
стандартно	стандартно			4172
состаривать	состаривать			4173
состариваться	состариваться			4174
старо	старо'		alt	4175
по-старушечьи	по-старушечьи			4176
по-стариковски	по-старико'вски		wie ein alter Mann, greisenhaft	4177
старинство	старинство			4178
статистически	статисти'чески		statistisch	4179
створчатость	створчатость			4180
стекание	стека'ние			4181
стетоскопный	стетоскопный			4182
стишочек	стишочек			4183
стихерный	стихерный			4184
стихирный	стихирный			4185
стихословие	стихословие			4186
стих-гимн	стих-гимн			4187
стих-песня	стих-песня			4188
стих-призыв	стих-призыв			4189
стих-псалом	стих-псалом			4190
стих-раздумье	стих-раздумье			4191
стоимостной	сто'имостной		Siehe: стоимостный	4192
кровосток	кровосток			4193
сторожко	сторо'жко		vorsichtig, ängstlich	4194
странновато	странновато			4195
страусиный	страусиный			4196
страшилка	страши'лка			4197
отстрелиться	отстрелиться			4198
расстреять	расстреять			4199
стремленьице	стремленьице			4200
устремлённо	устремлённо			4201
стрессовость	стрессовость			4202
стрессово	стрессово			4203
строганый	стро'ганый			4204
недострой	недостро'й			4205
строковой	строковой			4206
стихостворение	стихостворение			4207
структурировать	структури'ровать			4208
структурированный	структурированный			4209
струища	струища			4210
заструить	заструить			4211
отпескоструить	отпескоструить			4212
стукаческий	стукаческий			4213
отстучаться	отстучаться			4214
ступенчато	ступе'нчато			4215
стунуться	стунуться			4216
суеслов	суеслов			4217
суетно	суетно			4218
суммарно	суммарно			4219
сутевой	сутевой			4220
сучёныш	сучёныш			4221
метасхема	метасхема			4222
схематично	схематично			4223
схематически	схемати'чески		schematisch	4224
считывание	считывание			4225
съезжание	съезжание			4226
сыренький	сыренький			4227
отсыревший	отсыре'вший		Siehe: отсыреть (Partizip Präteritum Aktiv)	4228
сюжетосложение	сюжетосложение			4229
сюжетообразующий	сюжетообразующий			4230
сюжетно	сюжетно			4231
табуреточный	табуреточный			4232
табуретовка	табуретовка			4233
по-таджикски	по-таджи'кски		tadshikisch, in / auf Tadshikisch	4234
тайванька	тайванька			4235
таймырец	таймырец			4236
таймырский	таймырский			4237
тамбовец	тамбовец			4238
пританцовывание	пританцовывание			4239
танчик	танчик			4240
танцевание	танцевание			4241
тапок	тапок			4242
Татария	Татария		Tatarien	4243
татарстанский	татарстанский			4244
по-татарски	по-тата'рски		tartarisch, auf Tartarisch	4245
тащение	тащение			4246
устойчиво	усто'йчиво		standfest, beständig, stabil, fest, standhaft	4247
неколебимо	неколебимо			4248
непреклонно	непреклонно			4249
тверяк	тверяк			4250
тверитянин	тверитя'нин			4251
тверич	тверич			4252
творожок	творожок			4253
сотворённый	сотворённый			4254
тезаврация	тезаврация			4255
тезаурусный	тезаурусный			4256
подтекпритекать	подтекпритекать			4257
протёк	протёк			4258
кровоподтёчный	кровоподтёчный			4259
самотёчный	самотёчный			4260
быстротечно	быстротечно			4261
телик	те'лик		Glotze, Fernseher	4262
телезрительница	телезрительница			4263
телефонирование	телефонирование			4264
темнеющий	темнеющий			4265
термометрирование	термометрирование			4266
дотёсывать	дотёсывать			4267
дотесать	дотесать			4268
отёсывать	отёсывать			4269
оттёсывать	оттёсывать			4270
перетёсывать	перетёсывать			4271
растёсывать	растёсывать			4272
ратесать	ратесать			4273
втекание	втекание			4274
истекание	истекание			4275
переток	переток			4276
тикнуть	тикнуть			4277
нетипизированный	нетипизированный			4278
титанид	титанид			4279
титровальный	титровальный			4280
по-товарищески	по-това'рищески		kameradschaftlich, freundschaftlich	4281
токиец	токи'ец			4282
токийский	токи'йский			4283
толерастия	толерастия			4284
тонально	тона'льно		tonal / ton-	4285
топильный	топильный			4286
утопленнник	утопленнник			4287
тополёк	тополёк			4288
топ-топ	топ-топ			4289
топотун	топотун			4290
Топтыгин	Топтыгин	Bruin		4291
тороидальный	тороида'льный			4292
торчание	торчание			4293
тоталитарно	тоталитарно			4294
точь	точь			4295
точнёхонько	точнёхонько		supergenau, ganz exakt	4296
трахеола	трахеола			4297
тренерша	тренерша	female trainer, female coach	Trainerin	4298
трещание	трещание			4299
трёхгодичный	трёхгодичный	three-year, triennial	dreijährig, von drei Jahren	4300
трёхдневный	трёхдневный	three-day, of three days	dreitägig	4301
трёхколёсный	трёхколёсный	three-wheeled		4302
трёхцветный	трёхцветный	three-coloured, of three colours, tricolour, trichromatic	dreifarbig	4303
тройца	тройца			4304
трёхмиллионный	трёхмиллионный			4305
стращивать	стращивать			4306
трубачик	трубачик			4307
работающий	рабо'тающий		arbeitend	4308
струсивший	струсивший			4309
перетрусивший	перетрусивший			4310
тряпочник	тряпочник			4311
тряпьёвый	тряпьёвый			4312
встрясать	встрясать			4313
туманной	туманной			4314
тупизна	тупизна'			4315
турбинист	турбинист			4316
тусовочный	тусовочный			4317
тутовница	тутовница			4318
туфельный	туфельный			4319
тыкание	тыкание			4320
натыльник	наты'льник			4321
обзатыливать	обзаты'ливать			4322
отылить	оты'лить			4323
истылу	исты'лу			4324
стылу	сты'лу			4325
тюленуха	тюленуха			4326
тюлень-крабоед	тюлень-крабоед			4327
тюремник	тюремник			4328
трудоёмко	трудоёмко			4329
бегание	бегание			4330
отбегаться	отбегаться			4331
бечь	бечь			4332
бегивать	бегивать			4333
выбегивать	выбегивать			4334
набегивать	набегивать			4335
побегивать	побегивать			4336
убивание	убивание			4337
убивающий	убивающий			4338
убощица	убощица			4339
потери	потери			4340
уводка	уводка			4341
угодливо	угодливо		schmeichlerisch	4342
угонщица	угонщица			4343
угорёк	угорёк			4344
угрёвый	угрёвый			4345
угрик	угрик			4346
угревой	угревой			4347
угристый	угристый			4348
угрюмоватый	угрюмоватый			4349
угрюмовато	угрюмовато			4350
ударно	ударно		schlagkräftig, hart	4351
удачливо	удачливо			4352
удобритель	удобритель			4353
недоброкачественый	недоброкачественый			4354
недобропорядочный	недобропорядочный			4355
удобренный	удобренный			4356
сдобровать	сдобровать			4357
посдобрить	посдобрить			4358
поудобрять	поудобрять			4359
удостверять	удостверять			4360
узбекистанский	узбекистанский			4361
по-узбекски	по-узбе'кски		usbekisch, └ in / auf ┘ Usbekisch	4362
узельный	узельный			4363
узористость	узористость			4364
узорник	узорник			4365
узорница	узорница			4366
узорочность	узорочность			4367
узорщик	узорщик			4368
узорщица	узорщица			4369
узористый	узористый			4370
узорить	узорить			4371
узориться	узориться			4372
разузорить	разузорить			4373
разузориться	разузориться			4374
узорничать	узорничать			4375
узористо	узористо			4376
узорно	узорно			4377
узорчато	узорчато			4378
по-украински	по-украи'нски		ukrainisch, └ in / auf ┘ Ukrainisch	4379
малорос	малорос			4380
домножить	домножить			4381
домножиться	домножиться			4382
домножать	домножать			4383
домножаться	домножаться			4384
умопомрачительно	умопомрачительно			4385
обалденный	обалденный	amazing	hervorragend, großartig	4386
наследствие	наследствие			4387
унитазный	унитазный			4388
уничтожительный	уничтожительный			4389
уплотнённый	уплотнённый			4390
упёртый	упёртый	stubborn		4391
упорядочивание	упорядочивание			4392
домоуправитель	домоуправитель			4393
уранистый	уранистый			4394
регулирующий	регулирующий			4395
регуляторский	регуляторский			4396
разрегулировать	разрегулировать			4397
урезывание	урезывание			4398
уркаган	уркаган			4399
усердство	усердство			4400
усердствование	усердствование			4401
словарность	словарность			4402
пословно	посло'вно		wortweise, pro Wort	4403
споконый	споконый			4404
участнический	уча'стнический			4405
ученически	учени'чески		schülerhaft	4406
по-учёному	по-учёному		wissenschaftlich	4407
шум-фактор	шум-фактор			4408
бихорка	бихорка			4409
бихорха	бихорха			4410
сольпуга	сольпуга			4411
сольфуга	сольфуга			4412
фанатичность	фанатичность	fanaticism		4413
фанатка	фанатка			4414
фанатский	фанатский			4415
фанатичка	фанатичка			4416
фанатически	фанати'чески		fanatisch	4417
фанатично	фанатично			4418
феерия	феерия	play, ballet, based on a fairytale		4419
фантомный	фантомный			4420
фарисейка	фарисейка			4421
фартовый	фарто'вый	lucky, fine, smashing		4422
фартить	фартить			4423
фартуха	фартуха			4424
фартень	фартень			4425
фартушник	фартушник			4426
фарцовщица	фарцовщица	black-marketeer, spiv		4427
фарцевать	фарцевать			4428
фаршировать	фаршировать	stuff	füllen	4429
фасадный	фасадный			4430
фашизация	фашизация			4431
фашизированный	фашизированный			4432
фашиствующий	фашиствующий			4433
фашиствовать	фашиствовать			4434
фашизировать	фашизировать			4435
феминист	феминист	feminist		4436
феминистский	феминистский	feministic		4437
ферментик	ферментик			4438
ферментация	ферментация	fermentation		4439
ферментный	ферментный			4440
ферментировать	ферментировать	ferment		4441
энзим	энзим			4442
фиговина	фиговина			4443
фигово	фигово	sucks		4444
физичка	физичка			4445
фиксаж	фикса'ж	fixing solution, fixer		4446
фиксатор	фиксатор	pawl, stop, latch, holder		4447
фиксатуар	фиксатуар	fixative, hair-grease		4448
фиксатив	фиксатив	fixative		4449
фиксационный	фиксационный			4450
филантропический	филантропи'ческий	philanthropic		4451
филантропия	филантропия	philanthropy		4452
филиальный	филиальный			4453
фильтрат	фильтрат	filtrate		4454
фильтрол	фильтрол			4455
фильтровальный	фильтровальный	filter		4456
фильтрационный	фильтрационный			4457
фильтровочный	фильтровочный			4458
отфильтровальный	отфильтровальный			4459
фингальчик	фингальчик			4460
фингалище	фингалище			4461
фингальный	фингальный			4462
зафингалить	зафингалить			4463
бланш	бланш			4464
финишный	фи'нишный	finishing	Ziel-	4465
финляндец	финляндец			4466
финляндка	финляндка			4467
по-фински	по-фи'нски		finnisch, auf finnisch	4468
фирмач	фирмач			4469
фича	фича			4470
флагманский	флагманский			4471
флегматик	флегматик	phlegmatic person	Phlegmatiker	4472
флейтистка	флейтистка	flutist		4473
флейтовый	флейтовый			4474
флоридец	флоридец			4475
расфокусированный	расфокусированный			4476
фокально	фокально			4477
джеджи	джеджи			4478
формулировочный	формулировочный			4479
фотографически	фотографи'чески	photographically	fotografisch	4480
фраерок	фраерок			4481
французишка	французишка			4482
старофранцузский	старофранцу'зский			4483
фронотвик	фронотвик			4484
фронтовичка	фронтовичка			4485
фундаментально	фундаментально			4486
аш	аш			4487
хамло	хамло			4488
хамски	ха'мски		unverschämt, flegelhaft	4489
хана	хана'		Ende, Finito, es ist aus	4490
ханжески	ха'нжески		bigott, scheinheilig, philisterhaft, frömmelnd; heuchlerisch, falsch	4491
охеревший	охеревший			4492
охерительный	охерительный			4493
херов	херов			4494
херячить	херячить			4495
хуй	хуй	dick, fuck, fucking	das, etwas; Trottel; Dreckstück, das Letzte; Kerl, Typ; Ding, Scheißding, der, die, das, die (als generelles Schwammwort); Schwanz, Glied, Ding, Riemen	4496
химикалия	химикалия			4497
ключ-хлыст	ключ-хлыст			4498
хлыстовоз	хлыстовоз			4499
хлыстовой	хлыстовой			4500
хлыснуть	хлыснуть			4501
хлысть	хлысть		knall (Geräusch einer Peitsche)	4502
хлыстовец	хлыстовец			4503
насупившийся	насупившийся			4504
хоженный	хоженный			4505
многоходовка	многоходовка			4506
одноходовка	одноходовка			4507
полуход	полуход			4508
по-хоккейному	по-хоккейному			4509
холестерол	холестерол	cholesterol		4510
холочка	холочка			4511
хомяковый	хомяковый			4512
хомячковый	хомячковый			4513
по-хомячьи	по-хомячьи			4514
хором	хо'ром	in chorus, all together	im Chor	4515
хохмить	хохмить			4516
схохмить	схохмить			4517
хохляцкий	хохляцкий			4518
хромаль	хромаль			4519
хромосомный	хромосомный			4520
хронологизирующий	хронологизирующий			4521
хронологизировать	хронологизировать			4522
энтелодонт	энтелодонт			4523
Пумба	Пумба			4524
хрящевой	хрящевой	cartilaginous, gristly		4525
худо-бедно	худо-бе'дно	at the very least, the very smallest	gerade mal; wenigstens; mehr schlecht als recht; mit Mühe und Not	4526
царист	царист			4527
царение	царение			4528
царски	ца'рски		zaristisch	4529
Кесария	Кесария			4530
кесарский	кесарский			4531
цветисто	цветисто			4532
цветоведение	цветоведение			4533
целомудренно	целомудренно			4534
неповреждённый	неповреждённый			4535
неурезанный	неурезанный			4536
цензурирование	цензурирование			4537
неооценённый	неооценённый			4538
уценять	уценять			4539
ценно	ценно		wertvoll, kostbar, edel	4540
бесценно	бесценно			4541
центристка	центристка			4542
циркумваляция	циркумваляция			4543
циркумнутация	циркумнутация			4544
циркулирующий	циркулирующий			4545
циркообразный	циркообразный			4546
циркумваляционный	циркумваляционный			4547
циркачить	циркачить		Theater machen	4548
циркулярно	циркулярно		kreisförmig, zirkular	4549
цитатка	цитатка			4550
оцифровывать	оцифровывать			4551
цыганство	цыганство			4552
цыганчик	цыганчик			4553
цыганистость	цыганистость			4554
цыгановатость	цыгановатость			4555
цыгановатый	цыгановатый			4556
по-цыгански	по-цыга'нски		in der Zigeunersprache	4557
цыгански	цыга'нски		└ braungebrannt / schwarzhaarig / glutäugig / ... ┘ wie ein Zigeuner	4558
ромал	ромал			4559
ромалэ	ромалэ			4560
чадно	чадно			4561
часом	ча'сом	sometimes, at times, now and then, by chance	um eine Stunde; zufällig; mitunter	4562
очеловечивание	очеловечивание			4563
человечно	человечно			4564
человековедение	человековедение	study of human nature		4565
прихвостни	прихвостни			4566
угодники	уго'дники		Siehe: угодник	4567
червяной	червяной			4568
чердачник	чердачник			4569
чердачница	чердачница			4570
черепичник	черепичник			4571
чернокнижница	чернокнижница			4572
чёрственький	чёрственький			4573
черствить	черствить			4574
чёрство	чёрство		hart, trocken, hartherzig	4575
правдиво	правди'во		wahr / wahrheitsgemäß	4576
по-честному	по-че'стному		ehrlich; reell; gewissenhaft, treu, honorig	4577
бесчестие	бесче'стие			4578
чёточный	чёточный			4579
читабельность	читабельность			4580
апчхи	апчхи'		Hatschi	4581
расчленитель	расчленитель			4582
сочленённый	сочленённый			4583
почленно	почленно			4584
чревато	чревато	fraught with		4585
очувствление	очувствление			4586
очувствлять	очувствлять			4587
чувственно	чу'вственно		sinnlich	4588
чувствительно	чувстви'тельно		empfindlich, fühlbar, merklich, empfindsam, sentimental	4589
чукотец	чукотец			4590
чукотско-камчатский	чукотско-камчатский			4591
чукотско-эскимосский	чукотско-эскимосский			4592
тише	ти'ше		leiser, ruhiger; langsamer (für eine Bewegung)	4593
шакалиха	шакалиха			4594
по-шакальи	по-шакальи			4595
шаловливо	шаловливо			4596
пошаманить	пошаманить			4597
подшаманить	подшаманить			4598
нашаманить	нашаманить			4599
шаманка	шаманка			4600
шахточка	шахточка			4601
шахтёрка	шахтёрка			4602
шахтёрская	шахтёрская		Siehe: шахтёрский	4603
шашлычник	шашлычник			4604
шашлычница	шашлычница			4605
по-шведски	по-шве'дски		schwedisch, auf schwedisch	4606
свейский	свейский			4607
шедевральный	шедевральный			4608
шереметьевский	шереметьевский			4609
бесшёрстный	бесшёрстный			4610
длинношёрстный	длинношёрстный			4611
подшёрстковый	подшёрстковый			4612
пошёрстный	пошёрстный			4613
противошёрстный	противошёрстный			4614
шерстевой	шерстевой			4615
шерстезаготовительный	шерстезаготовительный			4616
шерстемоечный	шерстемоечный			4617
шерстеобрабатывающий	шерстеобрабатывающий			4618
шерстепрядильный	шерстепрядильный			4619
шерстечесальный	шерстечесальный			4620
шёрстный	шёрстный			4621
шерстовальный	шерстовальный			4622
шерстоносный	шерстоносный			4623
шерстопёрый	шерстопёрый			4624
шестовой	шестовой			4625
шестерить	шестерить			4626
шиворот-навыворот	ши'ворот-навы'ворот	topsy-turvy, the wrong way round, upside-down		4627
шинница	шинница			4628
шиповниковый	шиповниковый			4629
гульфик	гульфик			4630
нашивание	нашивание			4631
обшивание	обшивание			4632
перешивание	перешивание			4633
прошивание	прошивание			4634
расшивание	расшивание			4635
ушивание	ушивание			4636
шифратор	шифратор			4637
шифрованный	шифрованный	ciphered, written in cipher, cipher, code	chiffriert, verschlüsselt	4638
шишкарь	шишкарь			4639
шишковатость	шишковатость			4640
шишковый	шишковый			4641
шишковать	шишковать			4642
шкафный	шкафный			4643
шкваловой	шкваловой			4644
шлагбаумный	шлагбаумный			4645
шлёпание	шлёпание			4646
шлифовалка	шлифовалка			4647
шмончик	шмончик			4648
шмонщик	шмонщик			4649
шпальный	шпальный			4650
штангистский	штангистский			4651
штрихпунктир	штрихпунктир			4652
штык-нож	штык-нож			4653
щитовая	щитова'я		Siehe: щитовой	4654
эзотеризм	эзотеризм			4655
экологичный	экологичный	eco-friendly		4656
экономно	эконо'мно		sparsam; wirtschaftlich	4657
экономично	экономично			4658
экранчик	экранчик			4659
экранирование	экранирование	screening, shielding		4660
экраноплан	экраноплан			4661
экранированный	экранированный			4662
электронит	электронит			4663
Кабардино-Балкария	Кабарди'но-Балка'рия		Kabardino-Balkarien	4664
Карачаево-Черкессия	Карача'ево-Черке'ссия			4665
энтропийность	энтропийность			4666
эпидемичность	эпидемичность			4667
эпидемичный	эпидемичный			4668
эпидемически	эпидемически			4669
эстетически	эстети'чески		ästhetisch	4670
эстетски	эсте'тски		ästhetisch	4671
по-эстонски	по-эсто'нски		estnisch, auf Estnisch	4672
эсэсовка	эсэсовка			4673
поэтапно	поэтапно			4674
этически	эти'чески		ethisch	4675
этично	этично			4676
этюдик	этюдик			4677
эшафотик	эшафотик			4678
южнее	южне'е	to the south, southward, further south	südlicher von	4679
юмористически	юмористи'чески		humoristisch, humorvoll	4680
въяве	въяве			4681
яйки	яйки			4682
вкрутую	вкруту'ю		hart gekocht	4683
яичница-глазунья	яичница-глазунья	fried eggs		4684
яйцо-пашот	яйцо-пашот			4685
Яня	Яня			4686
Яшуня	Яшуня			4687
Яшута	Яшута			4688
Яшоня	Яшоня			4689
Яшенька	Яшенька			4690
Яковка	Яковка			4691
Яковлевич	Яковлевич			4692
ямщичка	ямщичка			4693
ямщичиха	ямщичиха			4694
ямщичество	ямщичество			4695
ямщиковский	ямщиковский			4696
ямщичихин	ямщичихин			4697
ямщичкин	ямщичкин			4698
по-ямщицки	по-ямщицки			4699
илектр	илектр			4700
надъярёмный	надъярёмный			4701
безъярусный	безъярусный			4702
выярусить	выярусить			4703
межъярусный	межъярусный			4704
надъярус	надъярус			4705
подъярус	подъярус			4706
полуярус	полуярус			4707
поярусный	поярусный			4708
семиярусный	семиярусный			4709
трёхъярусный	трёхъярусный			4710
четырёхъярусный	четырёхъярусный			4711
шестиярусный	шестиярусный			4712
ярусник	ярусник			4713
ярусность	ярусность			4714
ярусоподъемник	ярусоподъемник			4715
ярусоразборочный	ярусоразборочный			4716
выясненность	выясненность			4717
выяснимость	выяснимость			4718
выяснитель	выяснитель			4719
выяснительница	выяснительница			4720
изъяснимость	изъяснимость			4721
изъяснитель	изъяснитель			4722
изъяснительница	изъяснительница			4723
неизъяснённость	неизъяснённость			4724
неизъяснимость	неизъяснимость			4725
необъяснённость	необъяснённость			4726
непрояснённость	непрояснённость			4727
неуяснённость	неуяснённость			4728
объяснимость	объяснимость			4729
объяснитель	объяснитель			4730
объяснительница	объяснительница			4731
пояснитель	пояснитель			4732
пояснительница	пояснительница			4733
прояснённость	прояснённость			4734
прояснитель	прояснитель			4735
прояснительница	прояснительница			4736
разъяснимость	разъяснимость			4737
разъяснитель	разъяснитель			4738
разъяснительница	разъяснительница			4739
уяснённость	уяснённость			4740
яснец	яснец			4741
яска	яска			4742
яснозоркость	яснозоркость			4743
яснослышание	яснослышание			4744
изъяснимый	изъяснимый			4745
ясноликий	ясноликий			4746
яснолицый	яснолицый			4747
яснеться	яснеться			4748
яснить	яснить			4749
ясниться	ясниться			4750
необъяснимо	необъяснимо			4751
проаккомпанировать	проаккомпанировать			4752
донеситсь	донеситсь			4753
взорать	взорать			4754
оборать	оборать			4755
меньшевичка	меньшевичка			4756
застыженный	застыженный			4757
пристыженно	пристыженно			4758
стыдобуха	стыдобуха			4759
абсурдизация	абсурдизация			4760
авгурский	авгурский			4761
западно-черкесский	западно-черкесский			4762
заакать	заакать			4763
альтруистка	альтруи'стка			4764
ампераж	ампераж			4765
анафорический	анафорический			4766
анафорный	анафорный			4767
анон	ано'н			4768
антифашизм	антифаши'зм			4769
апатитовый	апатитовый	Adjective of апатит		4770
апологетика	апологе'тика			4771
арабеск	арабе'ск			4772
аргоновый	аргоновый			4773
арьергардный	арьергардный	Adjective of арьергард		4774
астеничность	астеничность			4775
афорический	афорический			4776
аффиксальный	аффиксальный			4777
ахроматичный	ахроматичный			4778
аэроб	аэроб			4779
бульбашка	бульбашка			4780
по-бирмански	по-бирма'нски		birmanisch, └ in / auf ┘ Birmanisch	4781
бомболюк	бомболюк			4782
бомбосбрасыватель	бомбосбрасыватель			4783
бабайка	бабайка			4784
Австро-Венгрия	А'встро-Ве'нгрия			4785
по-венгерски	по-венге'рски		ungarisch, └ in / auf ┘ Ungarisch	4786
веретенообразно	веретенообразно			4787
веретеновидный	веретеновидный			4788
веретеноподобный	веретеноподобный			4789
временщичий	временщичий			4790
псевдогалоген	псевдогалоген			4791
галогенат	галогенат			4792
гипогалогенит	гипогалогенит			4793
гарпунный	гарпунный			4794
гарпунщик	гарпунщик			4795
гедонистический	гедонистический			4796
горнильный	горнильный			4797
пандеизм	пандеи'зм			4798
деревообделочная	деревообде'лочная		Siehe: деревообде'лочный	4799
светодиод	светодио'д			4800
фотодиодный	фотодиодный			4801
дифтонгизация	дифтонгизация			4802
дольменный	дольменный			4803
менгир	менгир			4804
дромедар	дромедар			4805
заносчиво	заносчиво		überheblich	4806
идиосинкразический	идиосинкразический			4807
изобар	изоба'р		Siehe: изобара	4808
иноплеменнический	иноплеменнический			4809
по-ирански	по-ира'нски		iranisch, auf Iranisch	4810
по-кабардински	по-кабардински			4811
кабардино-черкесский	кабардино-черкесский			4812
кардиологический	кардиологический			4813
карминовый	карминовый			4814
карстовый	карстовый			4815
карторафический	карторафический			4816
карторафия	карторафия			4817
квартерон	квартерон			4818
квартовый	квартовый			4819
арабица	ара'бица			4820
по-корякски	по-коря'кски		korjakisch	4821
арккосеканс	арккосеканс			4822
арккотангенс	арккотангенс			4823
безкрамольный	безкрамольный			4824
бескрамольный	бескрамольный			4825
воскрамолить	воскрамолить			4826
вскрамолить	вскрамолить			4827
злокрамольный	злокрамольный			4828
крамольница	крамольница			4829
крамольнический	крамольнический			4830
крамольничество	крамольничество			4831
крамольность	крамольность			4832
крамольщик	крамольщик			4833
крамольщица	крамольщица			4834
накрамолить	накрамолить			4835
окрамолить	окрамолить			4836
курдианка	курдианка			4837
курдиянка	курдиянка			4838
курдянка	курдянка	Kurdish woman		4839
курдчанка	курдчанка			4840
по-курдски	по-ку'рдски		kurdisch, auf Kurdisch	4841
курсиха	курси'ха			4842
лигатурный	лигатурный			4843
литиевый	литиевый			4844
ломбардец	ломбардец			4845
магматизм	магматизм			4846
маслобойный	маслобойный			4847
метео	ме'тео			4848
метеоритовый	метеоритовый			4849
млитарист	млитарист			4850
негритосский	негритосский			4851
тау-нейтрино	тау-нейтрино			4852
неонаци	неонаци			4853
неофашистка	неофашистка			4854
непорочно	непорочно			4855
порочно	порочно			4856
омоформ	омоформ			4857
по-осетински	по-осети'нски		ossetisch	4858
отжигание	отжигание			4859
патрулирование	патрули'рование			4860
эрастес	эрастес			4861
эроменос	эроменос			4862
пескарик	пескарик			4863
плевальница	плева'льница			4864
подание	подание			4865
портерный	портерный			4866
прелюбодейство	прелюбодейство			4867
пресмыкание	пресмыкание			4868
пуншевать	пуншевать			4869
пыльничек	пыльничек			4870
пыление	пыление			4871
пястье	пястье			4872
пястно-запястный	пястно-запястный			4873
пястно-лучевой	пястно-лучевой			4874
пястно-фаланговый	пястно-фаланговый			4875
радиозондовый	радиозондовый			4876
ребячески	ребя'чески		kindlich, kindisch	4877
непубертатный	непубертатный			4878
реваншистка	реваншистка			4879
многоречистый	многоречи'стый			4880
рогоносный	рогоносный			4881
саманный	сама'нный			4882
самовластитель	самовластитель			4883
самовластительство	самовластительство			4884
самовластник	самовластник			4885
сардоничность	сардоничность			4886
сардоничный	сардоничный			4887
сардонически	сардони'чески		sardonisch, boshaft-gehässig	4888
октант	октант			4889
лужичанка	лужичанка			4890
сорбка	сорбка			4891
сербохорватский	сербохорватский			4892
сикамор	сикамо'р			4893
скальдический	скальдический			4894
слюдизация	слюдизация			4895
совиное	совиное			4896
совообразное	совообразное			4897
сорговый	сорговый			4898
сочельный	сочельный			4899
спиртец	спиртец			4900
спиртик	спиртик			4901
спиртовочка	спиртовочка			4902
спиртомерчик	спиртомерчик			4903
спиртище	спиртище			4904
заспиртованность	заспиртованность			4905
заспиртовывание	заспиртовывание			4906
полиспирт	полиспирт			4907
полуспирт	полуспирт			4908
псевдоспирт	псевдоспирт			4909
проспиртованность	проспиртованность			4910
спиртование	спиртование			4911
спиртовальщик	спиртовальщик			4912
спиртовальщица	спиртовальщица			4913
спиртоватость	спиртоватость			4914
спиртовик	спиртовик			4915
спиртуозность	спиртуозность			4916
спиртяга	спиртяга			4917
спиртозавод	спиртозавод			4918
спиртовоз	спиртовоз			4919
бесспиртовой	бесспиртовой			4920
многоспиртовой	многоспиртовой			4921
полиспиртовой	полиспиртовой			4922
полуспиртовой	полуспиртовой			4923
псевдоспиртовой	псевдоспиртовой			4924
спиртоватый	спиртоватый			4925
спиртовочный	спиртовочный			4926
спиртомерный	спиртомерный			4927
спиртуозный	спиртуозный			4928
отспиртовать	отспиртовать			4929
отспиртовывать	отспиртовывать			4930
статичный	статичный			4931
крыши	кры'ши		Siehe: крыша	4932
по-уйгурски	по-уйгу'рски		uigurisch, └ in / auf ┘ Uigurisch	4933
человеконенавистник	человеконенави'стник	man-hater, hater of mankind, misanthrope	Menschenhasser	4934
дочелобитничать	дочелобитничать			4935
начелобитничать	начелобитничать			4936
челобитный	челобитный			4937
сталинградка	сталинградка			4938
дабл-ю	да'бл-ю			4939
Чомолангма	Чомолангма			4940
гитаристский	гитаристский			4941
пиндоска	пиндоска			4942
демшизовый	демшизовый			4943
дубоноска	дубоноска			4944
ханьцы	ханьцы			4945
блядоход	блядоход			4946
блядский	бля'дский			4947
североамериканский	североамерика'нский		nordamerikanisch	4948
языковедный	языковедный			4949
языковедческий	языкове'дческий	linguistic	sprachwissenschaftlich, linguistisch	4950
лондоновский	лондоновский			4951
москалька	москалька			4952
ссаный	ссаный			4953
ссание	ссание			4954
по-малому	по-малому			4955
бозонный	бозонный			4956
лептонный	лептонный			4957
ликантроп	ликантроп			4958
верволк	верволк			4959
аутсорсер	аутсорсер			4960
электрофонный	электрофонный			4961
подкачивание	подкачивание			4962
стаарый	стаарый			4963
наставание	наставание			4964
стругальный	стругальный			4965
стругальщик	стругальщик			4966
струганый	струганый			4967
стругач	струга'ч			4968
по-туркменски	по-туркме'нски		turkmenisch, └ in / auf ┘ Turkmenisch	4969
халявно	халя'вно		für nass, kost' nix, umsonst, gratis, für lau, auf Kosten des Steuerzahlers	4970
экзотично	экзоти'чно		exotisch	4971
друг друга	друг друга	each other	einander, einer dem / den anderen, gegenseitig	4972
до свидания	до свида'ния	bye (formal)	auf Wiedersehen	4973
доброе утро	до'брое у'тро	good morning	guten Morgen	4974
добрый день	до'брый день	good day	guten Tag	4975
добрый вечер	добрый вечер	good evening	guten Abend	4976
потому что	потому' что	because	weil	4977
кредитная карта	креди'тная ка'рта	credit card, CC	Kreditkarte	4978
все	все	everybody	jeder; alle	4979
на самом деле	на самом деле	actually, as a matter of fact	eigentlich; in der Tat, tatsächlich	4980
меня	меня'	genitive of I	"Genitiv, Akkusativ von ""я"""	4981
тебя	тебя'	"genetive of ""you"""	dich (akk.).; dir (gen.).	4982
нас	нас	"genetive of ""we"""	"Genitiv von ""мы"""	4983
вас	вас	you; you	"Genitiv von ""вы"""	4984
мне	мне	"dative of ""I"""	"Dativ von ""я""; Präpositiv von ""я"""	4985
тебе	тебе'	"dative of ""you"""	"Dativ von ""ты"""	4986
ему	ему'	"dative of ""he""; dative of ""it"""	"Dativ von ""он""; Dativ von ""оно"""	4987
ей	ей	"dative of ""she"""	"Dativ von ""она"""	4988
нам	нам	"dative of ""we"""	"Dativ von ""мы"""	4989
вам	вам	"dative of ""you (plural)""; dative of ""you (formal)"""	"Dativ von ""вы"""	4990
им	им	"dative of ""they"""	"Dativ von ""они"""	4991
есть	есть	there is, there are	es gibt	4992
это-то	это-то	that is, that's, it's		4993
ничему	ничему'		"Dativ von ""ничто"" = nichts"	4994
ничем	ниче'м			4995
ни о чём	ни о чём		über nichts (sprechen), an nichts (denken); kannste voll vergessen, das war wohl nichts, reineweg gar nichts, Griff daneben, Müll (als Wertung); Präpositiv: ничего	4996
добро пожаловать	добро' пожа'ловать	welcome!	Herzlich Willkommen!	4997
с тех пор	с тех пор	since then	seitdem	4998
уж	уж	really	schon, doch, wirklich	4999
тут	тут	here; now	hier, da	5000
простите	прости'те	forgive me, excuse me, sorry	Verzeihen Sie!, Verzeihung!	5001
зовут	зову'т	to be called	heißen	5002
экстремально	экстрема'льно	extreme		5003
репчатый лук	репчатый лук	garden onion	die Speisezwiebel, die Küchenzwiebel	5004
парами	па'рами	two of ...	paarweise	5005
вничью	вничью'	draw (sport)	unentschieden (Sport), remis (Schach)	5006
начиная	начина'я	from ..., starting from ...	ab ..., angefangen ...	5007
экстренная контрацепция	экстренная контрацепция	the morning-after pill	die Pille danach	5008
специальное предложение	специальное предложение	special offer	das Sonderangebot	5009
стыковочный рейс	стыковочный рейс	connecting flight	der Anschlussflug	5010
указатель поворота	указатель поворота	turn indicator, turn signal	der Blinker (Auto), der Fahrtrichtungsanzeiger	5011
отказано	отказано	denied	verweigert, abgelehnt	5012
помедленнее	помедленнее	slower, more slowly	langsamer	5013
натурал	натурал	heterosexual	hetero, heterosexuell	5014
занято	за'нято		besetzt (belegt); beschäftigt	5015
облачно	о'блачно		bewölkt, wolkig	5016
бывший в употреблении	бывший в употреблении		gebraucht (wörtl.: ehemalig in Gebrauch)	5017
бывший в употреблении	бывший в употреблении		gebraucht (wörtl.: ehemalig in Gebrauch)	5018
запрещено	запрещено'		verboten; untersagt	5019
Кому	Ко'му		Wem	5020
будет	бу'дет		(er/sie/es) wird; ist gleich	5021
дошло	дошло'		kapieren / mitbekommen	5022
сверху донизу	све'рху до'низу	from top to bottom	von oben bis unten	5023
ночью	но'чью		nachts / bei Nacht	5024
черпать землю	че'рпать зе'млю		(aus)baggern	5025
слоновая кост	слоновая кост		Schreibfehler - Michel bitte löschen!	5026
слоновая кость	слоно'вая кость	ivory	das Elfenbein	5027
поло	по'ло		hohl	5028
льзя	льзя		man kann / man darf	5029
приют для животных	прию'т для живо'тных	animal shelter	Tierheim	5030
приют для беженцев	прию'т для бе'женцев	refugee shelter	Flüchtlingsunterkunft	5031
потише	поти'ше		stiller / leiser; ruhig(er) / sachte; das Gleiche wie по-тише	5032
